"participant.id_in_session","participant.code","participant.label","participant._is_bot","participant._index_in_pages","participant._max_page_index","participant._current_app_name","participant._current_page_name","participant.time_started_utc","participant.visited","participant.mturk_worker_id","participant.mturk_assignment_id","participant.payoff","participant.treatment","participant.selected_round","participant.stopped_at","session.code","session.label","session.mturk_HITId","session.mturk_HITGroupId","session.comment","session.is_demo","session.config.name","session.config.participation_fee","session.num_roadblockers","session.treatment","activism.1.player.id_in_group","activism.1.player.role","activism.1.player.payoff","activism.1.player.effort_score","activism.1.player.wage","activism.1.player.contribution","activism.1.player.actual_effort_time","activism.1.player.chose_activism","activism.1.player.round_payoff","activism.1.player.seat_number","activism.1.group.id_in_subsession","activism.1.group.num_activists","activism.1.group.num_roadblockers","activism.1.group.treatment","activism.1.subsession.round_number","activism.2.player.id_in_group","activism.2.player.role","activism.2.player.payoff","activism.2.player.effort_score","activism.2.player.wage","activism.2.player.contribution","activism.2.player.actual_effort_time","activism.2.player.chose_activism","activism.2.player.round_payoff","activism.2.player.seat_number","activism.2.group.id_in_subsession","activism.2.group.num_activists","activism.2.group.num_roadblockers","activism.2.group.treatment","activism.2.subsession.round_number","activism.3.player.id_in_group","activism.3.player.role","activism.3.player.payoff","activism.3.player.effort_score","activism.3.player.wage","activism.3.player.contribution","activism.3.player.actual_effort_time","activism.3.player.chose_activism","activism.3.player.round_payoff","activism.3.player.seat_number","activism.3.group.id_in_subsession","activism.3.group.num_activists","activism.3.group.num_roadblockers","activism.3.group.treatment","activism.3.subsession.round_number","activism.4.player.id_in_group","activism.4.player.role","activism.4.player.payoff","activism.4.player.effort_score","activism.4.player.wage","activism.4.player.contribution","activism.4.player.actual_effort_time","activism.4.player.chose_activism","activism.4.player.round_payoff","activism.4.player.seat_number","activism.4.group.id_in_subsession","activism.4.group.num_activists","activism.4.group.num_roadblockers","activism.4.group.treatment","activism.4.subsession.round_number","activism.5.player.id_in_group","activism.5.player.role","activism.5.player.payoff","activism.5.player.effort_score","activism.5.player.wage","activism.5.player.contribution","activism.5.player.actual_effort_time","activism.5.player.chose_activism","activism.5.player.round_payoff","activism.5.player.seat_number","activism.5.group.id_in_subsession","activism.5.group.num_activists","activism.5.group.num_roadblockers","activism.5.group.treatment","activism.5.subsession.round_number","activism.6.player.id_in_group","activism.6.player.role","activism.6.player.payoff","activism.6.player.effort_score","activism.6.player.wage","activism.6.player.contribution","activism.6.player.actual_effort_time","activism.6.player.chose_activism","activism.6.player.round_payoff","activism.6.player.seat_number","activism.6.group.id_in_subsession","activism.6.group.num_activists","activism.6.group.num_roadblockers","activism.6.group.treatment","activism.6.subsession.round_number","activism.7.player.id_in_group","activism.7.player.role","activism.7.player.payoff","activism.7.player.effort_score","activism.7.player.wage","activism.7.player.contribution","activism.7.player.actual_effort_time","activism.7.player.chose_activism","activism.7.player.round_payoff","activism.7.player.seat_number","activism.7.group.id_in_subsession","activism.7.group.num_activists","activism.7.group.num_roadblockers","activism.7.group.treatment","activism.7.subsession.round_number","activism.8.player.id_in_group","activism.8.player.role","activism.8.player.payoff","activism.8.player.effort_score","activism.8.player.wage","activism.8.player.contribution","activism.8.player.actual_effort_time","activism.8.player.chose_activism","activism.8.player.round_payoff","activism.8.player.seat_number","activism.8.group.id_in_subsession","activism.8.group.num_activists","activism.8.group.num_roadblockers","activism.8.group.treatment","activism.8.subsession.round_number","activism.9.player.id_in_group","activism.9.player.role","activism.9.player.payoff","activism.9.player.effort_score","activism.9.player.wage","activism.9.player.contribution","activism.9.player.actual_effort_time","activism.9.player.chose_activism","activism.9.player.round_payoff","activism.9.player.seat_number","activism.9.group.id_in_subsession","activism.9.group.num_activists","activism.9.group.num_roadblockers","activism.9.group.treatment","activism.9.subsession.round_number","activism.10.player.id_in_group","activism.10.player.role","activism.10.player.payoff","activism.10.player.effort_score","activism.10.player.wage","activism.10.player.contribution","activism.10.player.actual_effort_time","activism.10.player.chose_activism","activism.10.player.round_payoff","activism.10.player.seat_number","activism.10.group.id_in_subsession","activism.10.group.num_activists","activism.10.group.num_roadblockers","activism.10.group.treatment","activism.10.subsession.round_number","activism.11.player.id_in_group","activism.11.player.role","activism.11.player.payoff","activism.11.player.effort_score","activism.11.player.wage","activism.11.player.contribution","activism.11.player.actual_effort_time","activism.11.player.chose_activism","activism.11.player.round_payoff","activism.11.player.seat_number","activism.11.group.id_in_subsession","activism.11.group.num_activists","activism.11.group.num_roadblockers","activism.11.group.treatment","activism.11.subsession.round_number","activism.12.player.id_in_group","activism.12.player.role","activism.12.player.payoff","activism.12.player.effort_score","activism.12.player.wage","activism.12.player.contribution","activism.12.player.actual_effort_time","activism.12.player.chose_activism","activism.12.player.round_payoff","activism.12.player.seat_number","activism.12.group.id_in_subsession","activism.12.group.num_activists","activism.12.group.num_roadblockers","activism.12.group.treatment","activism.12.subsession.round_number","activism.13.player.id_in_group","activism.13.player.role","activism.13.player.payoff","activism.13.player.effort_score","activism.13.player.wage","activism.13.player.contribution","activism.13.player.actual_effort_time","activism.13.player.chose_activism","activism.13.player.round_payoff","activism.13.player.seat_number","activism.13.group.id_in_subsession","activism.13.group.num_activists","activism.13.group.num_roadblockers","activism.13.group.treatment","activism.13.subsession.round_number","activism.14.player.id_in_group","activism.14.player.role","activism.14.player.payoff","activism.14.player.effort_score","activism.14.player.wage","activism.14.player.contribution","activism.14.player.actual_effort_time","activism.14.player.chose_activism","activism.14.player.round_payoff","activism.14.player.seat_number","activism.14.group.id_in_subsession","activism.14.group.num_activists","activism.14.group.num_roadblockers","activism.14.group.treatment","activism.14.subsession.round_number","questionnaire.1.player.id_in_group","questionnaire.1.player.role","questionnaire.1.player.payoff","questionnaire.1.player.q1_support","questionnaire.1.player.q1_pressure","questionnaire.1.player.q1_convincing","questionnaire.1.player.q1_too_extreme","questionnaire.1.player.q1_no_earnings_effect","questionnaire.1.player.q1_reciprocate","questionnaire.1.player.q1_autonomy","questionnaire.1.player.q1_motivation_other","questionnaire.1.player.q2_activism_choice","questionnaire.1.player.q3_personal_cost","questionnaire.1.player.q4_cost_to_others","questionnaire.1.player.q5_extremity","questionnaire.1.player.q6_legitimacy","questionnaire.1.player.q7_social_id","questionnaire.1.player.q8_compassion","questionnaire.1.player.q8_sympathy","questionnaire.1.player.q8_annoyance","questionnaire.1.group.id_in_subsession","questionnaire.1.subsession.round_number","activism.1.group.total_contribution","activism.2.group.total_contribution","activism.3.group.total_contribution","activism.4.group.total_contribution","activism.5.group.total_contribution","activism.6.group.total_contribution","activism.7.group.total_contribution","activism.8.group.total_contribution","activism.9.group.total_contribution","activism.10.group.total_contribution","activism.11.group.total_contribution","activism.12.group.total_contribution","activism.13.group.total_contribution","activism.14.group.total_contribution","pct_complete","session_num","seat_num","Age_Years","Nationality","Gender","Field_of_Study","Year_of_Study_Semester","Degree_Programme","Work_Experience","Highest_Education_Level","Employment","Monthly_Disposable_Income_EUR","Political_Orientation_0_10","General_Trust_0_10","Risk_Willingness_0_10","Charitable_Donations"
1,"7m52afu6",15,0,143,143,"questionnaire","ThankYou","2026-06-09 08:44:59.388407",1,NA,NA,13.8,"roadblock",6,1780995727.29459,"ahosr93r",NA,NA,NA,NA,0,"activism_pet_first",5,NA,NA,4,NA,0,4,40,20,45,NA,66,15,3,NA,NA,"roadblock",1,4,NA,0,8,80,35,45,NA,107,NA,3,NA,NA,"roadblock",2,4,NA,0,8,80,35,45,NA,95,NA,3,NA,NA,"roadblock",3,4,NA,0,6,60,10,45,NA,114,NA,3,NA,NA,"roadblock",4,4,NA,0,7,70,15,45,NA,65,NA,3,NA,NA,"roadblock",5,4,NA,0,7,70,10,45,NA,92,NA,3,NA,NA,"roadblock",6,4,NA,0,7,70,10,45,NA,68,NA,3,NA,NA,"roadblock",7,4,NA,0,6,60,10,35,1,114,NA,3,3,3,"roadblock",8,4,NA,0,5,50,5,35,1,107,NA,3,4,4,"roadblock",9,4,NA,0,8,80,10,40,0,148,NA,3,3,3,"roadblock",10,4,NA,0,6,60,5,35,1,85,NA,3,3,3,"roadblock",11,4,NA,0,7,70,5,40,0,69,NA,3,2,2,"roadblock",12,4,NA,0,7,70,10,35,1,66,NA,3,2,2,"roadblock",13,4,NA,0,4,40,3,35,1,42.2,NA,3,2,2,"roadblock",14,1,NA,0,1,0,0,0,0,0,1,NA,"Petition (0 cost to you)",4,5,3,4,3,3,1,4,1,1,NA,NA,NA,NA,NA,NA,NA,NA,NA,NA,NA,NA,NA,NA,73.5294117647059,1,15,22,"Ukraine","Woman","Business Communication","1-2","MSc.","1-2","BSc.","Full-time","200",3,1,7,"Regularly"
2,"espz8kdk",14,0,76,143,"activism","EffortTask","2026-06-09 08:44:59.584790",1,NA,NA,0,"petition",NA,NA,"ahosr93r",NA,NA,NA,NA,0,"activism_pet_first",5,NA,NA,3,NA,0,7,70,50,45,NA,76,14,1,NA,NA,"petition",1,3,NA,0,9,90,60,45,NA,118,NA,1,NA,NA,"petition",2,3,NA,0,7,70,70,45,NA,76,NA,1,NA,NA,"petition",3,3,NA,0,8,80,60,45,NA,108,NA,1,NA,NA,"petition",4,3,NA,0,9,90,80,45,NA,106,NA,1,NA,NA,"petition",5,3,NA,0,11,110,110,45,NA,112,NA,1,NA,NA,"petition",6,3,NA,0,11,110,110,45,NA,98,NA,1,NA,NA,"petition",7,3,NA,0,NA,NA,NA,NA,1,NA,NA,1,3,0,"petition",8,3,NA,0,NA,NA,NA,NA,NA,NA,NA,1,NA,NA,"petition",9,3,NA,0,NA,NA,NA,NA,NA,NA,NA,1,NA,NA,"petition",10,3,NA,0,NA,NA,NA,NA,NA,NA,NA,1,NA,NA,"petition",11,3,NA,0,NA,NA,NA,NA,NA,NA,NA,1,NA,NA,"petition",12,3,NA,0,NA,NA,NA,NA,NA,NA,NA,1,NA,NA,"petition",13,3,NA,0,NA,NA,NA,NA,NA,NA,NA,1,NA,NA,"petition",14,2,NA,0,NA,NA,NA,NA,NA,NA,NA,NA,NA,NA,NA,NA,NA,NA,NA,NA,NA,1,1,NA,NA,NA,NA,NA,NA,NA,NA,NA,NA,NA,NA,NA,NA,47.4264705882353,1,14,21,"Austria","Man","International Business Administration","1-2","BSc.","1-2","Secondary School","Part-time","600",4,7,9,"Regularly"
3,"i3q8rdlg",7,0,38,143,"activism","WaitForResults","2026-06-09 08:44:59.627585",1,NA,NA,0,"petition",NA,NA,"ahosr93r",NA,NA,NA,NA,0,"activism_pet_first",5,NA,NA,4,NA,0,6,60,25,45,NA,69,7,7,NA,NA,"petition",1,4,NA,0,7,70,30,45,NA,96,NA,7,NA,NA,"petition",2,4,NA,0,6,60,25,45,NA,73,NA,7,NA,NA,"petition",3,4,NA,0,8,80,35,45,NA,NA,NA,7,NA,NA,"petition",4,4,NA,0,NA,NA,NA,45,NA,NA,NA,7,NA,NA,"petition",5,4,NA,0,NA,NA,NA,45,NA,NA,NA,7,NA,NA,"petition",6,4,NA,0,NA,NA,NA,45,NA,NA,NA,7,NA,NA,"petition",7,4,NA,0,NA,NA,NA,NA,NA,NA,NA,7,NA,NA,"petition",8,4,NA,0,NA,NA,NA,NA,NA,NA,NA,7,NA,NA,"petition",9,4,NA,0,NA,NA,NA,NA,NA,NA,NA,7,NA,NA,"petition",10,4,NA,0,NA,NA,NA,NA,NA,NA,NA,7,NA,NA,"petition",11,4,NA,0,NA,NA,NA,NA,NA,NA,NA,7,NA,NA,"petition",12,4,NA,0,NA,NA,NA,NA,NA,NA,NA,7,NA,NA,"petition",13,4,NA,0,NA,NA,NA,NA,NA,NA,NA,7,NA,NA,"petition",14,3,NA,0,NA,NA,NA,NA,NA,NA,NA,NA,NA,NA,NA,NA,NA,NA,NA,NA,NA,1,1,NA,NA,NA,NA,NA,NA,NA,NA,NA,NA,NA,NA,NA,NA,41.5441176470588,1,7,19,"Czechian","Woman","Business Law","1-2","BSc","None","Secondary School","In education","300",1,0,5,"Once"
4,"9varpwsl",25,0,78,143,"activism","WaitForResults","2026-06-09 08:44:59.654095",1,NA,NA,0,"petition",NA,NA,"ahosr93r",NA,NA,NA,NA,0,"activism_pet_first",5,NA,NA,1,NA,0,7,70,10,45,NA,116,25,1,NA,NA,"petition",1,1,NA,0,11,110,20,45,NA,178,NA,1,NA,NA,"petition",2,1,NA,0,9,90,10,45,NA,156,NA,1,NA,NA,"petition",3,1,NA,0,12,120,20,45,NA,188,NA,1,NA,NA,"petition",4,1,NA,0,11,110,10,45,NA,196,NA,1,NA,NA,"petition",5,1,NA,0,12,120,20,45,NA,212,NA,1,NA,NA,"petition",6,1,NA,0,12,120,10,45,NA,208,NA,1,NA,NA,"petition",7,1,NA,0,10,100,10,45,0,NA,NA,1,3,0,"petition",8,1,NA,0,NA,NA,NA,NA,NA,NA,NA,1,NA,NA,"petition",9,1,NA,0,NA,NA,NA,NA,NA,NA,NA,1,NA,NA,"petition",10,1,NA,0,NA,NA,NA,NA,NA,NA,NA,1,NA,NA,"petition",11,1,NA,0,NA,NA,NA,NA,NA,NA,NA,1,NA,NA,"petition",12,1,NA,0,NA,NA,NA,NA,NA,NA,NA,1,NA,NA,"petition",13,1,NA,0,NA,NA,NA,NA,NA,NA,NA,1,NA,NA,"petition",14,4,NA,0,NA,NA,NA,NA,NA,NA,NA,NA,NA,NA,NA,NA,NA,NA,NA,NA,NA,1,1,NA,NA,NA,NA,NA,NA,NA,NA,NA,NA,NA,NA,NA,NA,48.8970588235294,1,25,22,"Austria","Woman","Business Law","3-4","BSc","3-5 years","Secondary School","Part-time","500",5,4,6,"No"
5,"comjjap2",22,0,57,143,"activism","Contribute","2026-06-09 08:44:59.664365",1,NA,NA,0,"roadblock",NA,NA,"ahosr93r",NA,NA,NA,NA,0,"activism_pet_first",5,NA,NA,1,NA,0,7,70,20,45,NA,120,22,6,NA,NA,"roadblock",1,1,NA,0,9,90,40,45,NA,146,NA,6,NA,NA,"roadblock",2,1,NA,0,9,90,45,45,NA,135,NA,6,NA,NA,"roadblock",3,1,NA,0,11,110,50,45,NA,168,NA,6,NA,NA,"roadblock",4,1,NA,0,8,80,20,45,NA,100,NA,6,NA,NA,"roadblock",5,1,NA,0,11,110,NA,45,NA,NA,NA,6,NA,NA,"roadblock",6,1,NA,0,NA,NA,NA,45,NA,NA,NA,6,NA,NA,"roadblock",7,1,NA,0,NA,NA,NA,NA,NA,NA,NA,6,NA,NA,"roadblock",8,1,NA,0,NA,NA,NA,NA,NA,NA,NA,6,NA,NA,"roadblock",9,1,NA,0,NA,NA,NA,NA,NA,NA,NA,6,NA,NA,"roadblock",10,1,NA,0,NA,NA,NA,NA,NA,NA,NA,6,NA,NA,"roadblock",11,1,NA,0,NA,NA,NA,NA,NA,NA,NA,6,NA,NA,"roadblock",12,1,NA,0,NA,NA,NA,NA,NA,NA,NA,6,NA,NA,"roadblock",13,1,NA,0,NA,NA,NA,NA,NA,NA,NA,6,NA,NA,"roadblock",14,5,NA,0,NA,NA,NA,NA,NA,NA,NA,NA,NA,NA,NA,NA,NA,NA,NA,NA,NA,1,1,NA,NA,NA,NA,NA,NA,NA,NA,NA,NA,NA,NA,NA,NA,44.1176470588235,1,22,22,"Russia","Woman","Linguistics","1-2","BSc.","3-5","Secondary School","Full-time","1000",2,7,8,"Once"
6,"grzk7t4j",27,0,78,143,"activism","WaitForResults","2026-06-09 08:44:59.851162",1,NA,NA,0,"petition",NA,NA,"ahosr93r",NA,NA,NA,NA,0,"activism_pet_first",5,NA,NA,4,NA,0,5,50,20,45,NA,86,27,1,NA,NA,"petition",1,4,NA,0,9,90,30,45,NA,148,NA,1,NA,NA,"petition",2,4,NA,0,9,90,30,45,NA,136,NA,1,NA,NA,"petition",3,4,NA,0,11,110,30,45,NA,168,NA,1,NA,NA,"petition",4,4,NA,0,10,100,30,45,NA,166,NA,1,NA,NA,"petition",5,4,NA,0,10,100,30,45,NA,182,NA,1,NA,NA,"petition",6,4,NA,0,11,110,35,45,NA,173,NA,1,NA,NA,"petition",7,4,NA,0,11,110,30,45,1,NA,NA,1,3,0,"petition",8,4,NA,0,NA,NA,NA,NA,NA,NA,NA,1,NA,NA,"petition",9,4,NA,0,NA,NA,NA,NA,NA,NA,NA,1,NA,NA,"petition",10,4,NA,0,NA,NA,NA,NA,NA,NA,NA,1,NA,NA,"petition",11,4,NA,0,NA,NA,NA,NA,NA,NA,NA,1,NA,NA,"petition",12,4,NA,0,NA,NA,NA,NA,NA,NA,NA,1,NA,NA,"petition",13,4,NA,0,NA,NA,NA,NA,NA,NA,NA,1,NA,NA,"petition",14,6,NA,0,NA,NA,NA,NA,NA,NA,NA,NA,NA,NA,NA,NA,NA,NA,NA,NA,NA,1,1,NA,NA,NA,NA,NA,NA,NA,NA,NA,NA,NA,NA,NA,NA,48.8970588235294,1,27,21,"German","Man","Business Administration","3-4","BSc","1-2 years","Secondary School","In education","700",5,6,8,"Once"
7,"2a57mkrx",9,0,143,143,"questionnaire","ThankYou","2026-06-09 08:44:59.959539",1,NA,NA,14.1,"demonstration",2,1780995875.40039,"ahosr93r",NA,NA,NA,NA,0,"activism_pet_first",5,NA,NA,3,NA,0,6,60,60,45,NA,28.8,9,5,NA,NA,"demonstration",1,3,NA,0,10,100,60,45,NA,94,NA,5,NA,NA,"demonstration",2,3,NA,0,7,70,70,45,NA,88,NA,5,NA,NA,"demonstration",3,3,NA,0,9,90,90,45,NA,85.6,NA,5,NA,NA,"demonstration",4,3,NA,0,10,100,60,45,NA,100,NA,5,NA,NA,"demonstration",5,3,NA,0,10,100,60,45,NA,136,NA,5,NA,NA,"demonstration",6,3,NA,0,11,110,70,45,NA,104,NA,5,NA,NA,"demonstration",7,3,NA,0,9,90,0,35,1,124,NA,5,1,0,"demonstration",8,3,NA,0,11,110,70,45,0,104,NA,5,1,0,"demonstration",9,3,NA,0,12,120,60,45,0,94,NA,5,0,0,"demonstration",10,3,NA,0,12,120,0,45,0,131.2,NA,5,0,0,"demonstration",11,3,NA,0,9,90,0,45,0,98,NA,5,0,0,"demonstration",12,3,NA,0,12,120,0,45,0,124,NA,5,0,0,"demonstration",13,3,NA,0,12,120,0,45,0,122,NA,5,0,0,"demonstration",14,7,NA,0,0,0,0,1,0,0,0,"Not being an activist and still sharing would have been the most effecient option for everybody involved","Petition (0 cost to you)",4,2,2,2,2,3,3,3,1,1,NA,NA,NA,NA,NA,NA,NA,NA,NA,NA,NA,NA,NA,NA,73.8970588235294,1,9,19,"Austria","Man",NA,"1-2","BSc.","1-2","Secondary School","In education","600",NA,NA,NA,NA
8,"8gd3793t",19,0,143,143,"questionnaire","ThankYou","2026-06-09 08:45:00.076774",1,NA,NA,13.65,"petition",6,1780995820.5651,"ahosr93r",NA,NA,NA,NA,0,"activism_pet_first",5,NA,NA,3,NA,0,2,20,10,45,NA,42,19,4,NA,NA,"petition",1,3,NA,0,8,80,40,45,NA,92,NA,4,NA,NA,"petition",2,3,NA,0,5,50,20,45,NA,78,NA,4,NA,NA,"petition",3,3,NA,0,9,90,45,45,NA,107,NA,4,NA,NA,"petition",4,3,NA,0,7,70,25,45,NA,91,NA,4,NA,NA,"petition",5,3,NA,0,8,80,35,45,NA,91,NA,4,NA,NA,"petition",6,3,NA,0,6,60,25,45,NA,63.8,NA,4,NA,NA,"petition",7,3,NA,0,5,50,20,45,1,110,NA,4,4,NA,"petition",8,3,NA,0,5,50,20,45,1,98,NA,4,4,0,"petition",9,3,NA,0,9,90,40,45,0,106,NA,4,3,0,"petition",10,3,NA,0,8,80,30,45,0,90,NA,4,2,0,"petition",11,3,NA,0,7,70,20,45,1,98,NA,4,4,0,"petition",12,3,NA,0,8,80,20,45,0,80,NA,4,1,0,"petition",13,3,NA,0,7,70,20,45,1,86,NA,4,4,0,"petition",14,8,NA,0,1,0,0,0,1,1,0,NA,"Petition (0 cost to you)",3,3,2,2,1,3,3,3,1,1,NA,NA,NA,NA,NA,NA,NA,NA,NA,NA,NA,NA,NA,NA,73.1617647058823,1,19,41,"Austria","Man","Sociology","1-2","MSc.","> 5 years","MSc.","Part-time","500",3,6,3,"Regularly"
9,"pj0tky4n",24,0,58,143,"activism","WaitForResults","2026-06-09 08:45:00.452987",1,NA,NA,0,"roadblock",NA,NA,"ahosr93r",NA,NA,NA,NA,0,"activism_pet_first",5,NA,NA,3,NA,0,2,20,10,45,NA,80,24,6,NA,NA,"roadblock",1,3,NA,0,6,60,40,45,NA,116,NA,6,NA,NA,"roadblock",2,3,NA,0,9,90,0,45,NA,180,NA,6,NA,NA,"roadblock",3,3,NA,0,8,80,10,45,NA,178,NA,6,NA,NA,"roadblock",4,3,NA,0,10,100,0,45,NA,140,NA,6,NA,NA,"roadblock",5,3,NA,0,10,100,0,45,NA,NA,NA,6,NA,NA,"roadblock",6,3,NA,0,NA,NA,NA,45,NA,NA,NA,6,NA,NA,"roadblock",7,3,NA,0,NA,NA,NA,NA,NA,NA,NA,6,NA,NA,"roadblock",8,3,NA,0,NA,NA,NA,NA,NA,NA,NA,6,NA,NA,"roadblock",9,3,NA,0,NA,NA,NA,NA,NA,NA,NA,6,NA,NA,"roadblock",10,3,NA,0,NA,NA,NA,NA,NA,NA,NA,6,NA,NA,"roadblock",11,3,NA,0,NA,NA,NA,NA,NA,NA,NA,6,NA,NA,"roadblock",12,3,NA,0,NA,NA,NA,NA,NA,NA,NA,6,NA,NA,"roadblock",13,3,NA,0,NA,NA,NA,NA,NA,NA,NA,6,NA,NA,"roadblock",14,9,NA,0,NA,NA,NA,NA,NA,NA,NA,NA,NA,NA,NA,NA,NA,NA,NA,NA,NA,1,1,NA,NA,NA,NA,NA,NA,NA,NA,NA,NA,NA,NA,NA,NA,44.4852941176471,1,24,26,"Iran","Man","Economics","1-2","MSc.","3-5","BSc.","Part-time","300",7,2,8,"Regularly"
10,"hapbqcq1",12,0,143,143,"questionnaire","ThankYou","2026-06-09 08:45:00.549471",1,NA,NA,14.1,"demonstration",2,1780995881.68788,"ahosr93r",NA,NA,NA,NA,0,"activism_pet_first",5,NA,NA,1,NA,0,3,30,2,45,NA,56.8,12,5,NA,NA,"demonstration",1,1,NA,0,9,90,50,45,NA,94,NA,5,NA,NA,"demonstration",2,1,NA,0,10,100,90,45,NA,98,NA,5,NA,NA,"demonstration",3,1,NA,0,9,90,70,45,NA,105.6,NA,5,NA,NA,"demonstration",4,1,NA,0,7,70,10,45,NA,120,NA,5,NA,NA,"demonstration",5,1,NA,0,13,130,100,45,NA,126,NA,5,NA,NA,"demonstration",6,1,NA,0,8,80,40,45,NA,104,NA,5,NA,NA,"demonstration",7,1,NA,0,11,110,60,45,0,84,NA,5,1,0,"demonstration",8,1,NA,0,6,60,60,35,1,64,NA,5,1,0,"demonstration",9,1,NA,0,13,130,0,45,0,164,NA,5,0,0,"demonstration",10,1,NA,0,11,110,0,45,0,121.2,NA,5,0,0,"demonstration",11,1,NA,0,10,100,0,45,0,108,NA,5,0,0,"demonstration",12,1,NA,0,12,120,0,45,0,124,NA,5,0,0,"demonstration",13,1,NA,0,9,90,0,45,0,92,NA,5,0,0,"demonstration",14,10,NA,0,0,1,0,0,0,0,1,NA,"Petition (0 cost to you)",5,5,5,4,3,2,2,3,1,1,NA,NA,NA,NA,NA,NA,NA,NA,NA,NA,NA,NA,NA,NA,73.5294117647059,1,12,21,"Germany","Man","Business","3-4","BSc.","< 1 year","Secondary School","In education","750",6,4,7,"No"
11,"usmgmves",8,0,143,143,"questionnaire","ThankYou","2026-06-09 08:45:00.682839",1,NA,NA,17.85,"demonstration",7,1780995856.14349,"ahosr93r",NA,NA,NA,NA,0,"activism_pet_first",5,NA,NA,1,NA,0,8,80,30,45,NA,70,8,2,NA,NA,"demonstration",1,1,NA,0,11,110,20,45,NA,110,NA,2,NA,NA,"demonstration",2,1,NA,0,11,110,20,45,NA,104,NA,2,NA,NA,"demonstration",3,1,NA,0,10,100,5,45,NA,105,NA,2,NA,NA,"demonstration",4,1,NA,0,12,120,10,45,NA,122,NA,2,NA,NA,"demonstration",5,1,NA,0,12,120,0,45,NA,128,NA,2,NA,NA,"demonstration",6,1,NA,0,12,120,5,45,NA,119,NA,2,NA,NA,"demonstration",7,1,NA,0,12,120,0,45,0,120,NA,2,0,0,"demonstration",8,1,NA,0,11,110,0,45,0,110,NA,2,0,0,"demonstration",9,1,NA,0,15,150,0,45,0,150,NA,2,0,0,"demonstration",10,1,NA,0,15,150,0,45,0,150,NA,2,0,0,"demonstration",11,1,NA,0,13,130,0,45,0,130,NA,2,0,0,"demonstration",12,1,NA,0,12,120,0,45,0,120,NA,2,0,0,"demonstration",13,1,NA,0,14,140,0,45,0,148,NA,2,1,0,"demonstration",14,11,NA,0,0,0,0,1,0,0,0,"taking away time did not seem like a good idea to me","Petition (0 cost to you)",5,1,2,3,4,3,4,2,1,1,NA,NA,NA,NA,NA,NA,NA,NA,NA,NA,NA,NA,NA,NA,73.8970588235294,1,8,22,"Austria","Woman","WISO","5-6","BSc",">5 years","Secondary School","Part-time; In education","300",3,4,6,"No"
12,"sp2jqls4",23,0,58,143,"activism","WaitForResults","2026-06-09 08:45:00.705771",1,NA,NA,0,"roadblock",NA,NA,"ahosr93r",NA,NA,NA,NA,0,"activism_pet_first",5,NA,NA,2,NA,0,13,130,130,45,NA,70,23,6,NA,NA,"roadblock",1,2,NA,0,13,130,130,45,NA,96,NA,6,NA,NA,"roadblock",2,2,NA,0,11,110,110,45,NA,90,NA,6,NA,NA,"roadblock",3,2,NA,0,13,130,130,45,NA,108,NA,6,NA,NA,"roadblock",4,2,NA,0,11,110,0,45,NA,150,NA,6,NA,NA,"roadblock",5,2,NA,0,14,140,0,45,NA,NA,NA,6,NA,NA,"roadblock",6,2,NA,0,NA,NA,NA,45,NA,NA,NA,6,NA,NA,"roadblock",7,2,NA,0,NA,NA,NA,NA,NA,NA,NA,6,NA,NA,"roadblock",8,2,NA,0,NA,NA,NA,NA,NA,NA,NA,6,NA,NA,"roadblock",9,2,NA,0,NA,NA,NA,NA,NA,NA,NA,6,NA,NA,"roadblock",10,2,NA,0,NA,NA,NA,NA,NA,NA,NA,6,NA,NA,"roadblock",11,2,NA,0,NA,NA,NA,NA,NA,NA,NA,6,NA,NA,"roadblock",12,2,NA,0,NA,NA,NA,NA,NA,NA,NA,6,NA,NA,"roadblock",13,2,NA,0,NA,NA,NA,NA,NA,NA,NA,6,NA,NA,"roadblock",14,12,NA,0,NA,NA,NA,NA,NA,NA,NA,NA,NA,NA,NA,NA,NA,NA,NA,NA,NA,1,1,NA,NA,NA,NA,NA,NA,NA,NA,NA,NA,NA,NA,NA,NA,44.4852941176471,1,23,41,"USA","Man","MBA","3-4","Other","> 5 years","Doctoral Degree or Higher","In education","1000",3,9,6,"No"
13,"ozjziflj",21,0,38,143,"activism","WaitForResults","2026-06-09 08:45:00.717451",1,NA,NA,0,"petition",NA,NA,"ahosr93r",NA,NA,NA,NA,0,"activism_pet_first",5,NA,NA,2,NA,0,11,110,25,45,NA,119,21,7,NA,NA,"petition",1,2,NA,0,13,130,60,45,NA,126,NA,7,NA,NA,"petition",2,2,NA,0,15,150,30,45,NA,158,NA,7,NA,NA,"petition",3,2,NA,0,14,140,30,45,NA,NA,NA,7,NA,NA,"petition",4,2,NA,0,NA,NA,NA,45,NA,NA,NA,7,NA,NA,"petition",5,2,NA,0,NA,NA,NA,45,NA,NA,NA,7,NA,NA,"petition",6,2,NA,0,NA,NA,NA,45,NA,NA,NA,7,NA,NA,"petition",7,2,NA,0,NA,NA,NA,NA,NA,NA,NA,7,NA,NA,"petition",8,2,NA,0,NA,NA,NA,NA,NA,NA,NA,7,NA,NA,"petition",9,2,NA,0,NA,NA,NA,NA,NA,NA,NA,7,NA,NA,"petition",10,2,NA,0,NA,NA,NA,NA,NA,NA,NA,7,NA,NA,"petition",11,2,NA,0,NA,NA,NA,NA,NA,NA,NA,7,NA,NA,"petition",12,2,NA,0,NA,NA,NA,NA,NA,NA,NA,7,NA,NA,"petition",13,2,NA,0,NA,NA,NA,NA,NA,NA,NA,7,NA,NA,"petition",14,13,NA,0,NA,NA,NA,NA,NA,NA,NA,NA,NA,NA,NA,NA,NA,NA,NA,NA,NA,1,1,NA,NA,NA,NA,NA,NA,NA,NA,NA,NA,NA,NA,NA,NA,41.5441176470588,1,21,20,"Austria","Man",NA,"1-2","BSc.","< 1 year","Secondary School","Part-time","300",6,4,2,"No"
14,"nnn3u3ee",1,0,143,143,"questionnaire","ThankYou","2026-06-09 08:45:00.881050",1,NA,NA,21.9,"petition",6,1780995881.90571,"ahosr93r",NA,NA,NA,NA,0,"activism_pet_first",5,NA,NA,4,NA,0,5,50,20,45,NA,62,1,4,NA,NA,"petition",1,4,NA,0,7,70,20,45,NA,102,NA,4,NA,NA,"petition",2,4,NA,0,7,70,0,45,NA,118,NA,4,NA,NA,"petition",3,4,NA,0,4,40,40,45,NA,62,NA,4,NA,NA,"petition",4,4,NA,0,6,60,10,45,NA,96,NA,4,NA,NA,"petition",5,4,NA,0,10,100,0,45,NA,146,NA,4,NA,NA,"petition",6,4,NA,0,7,70,17,45,NA,81.8,NA,4,NA,NA,"petition",7,4,NA,0,6,60,40,45,1,100,NA,4,4,NA,"petition",8,4,NA,0,8,80,80,45,1,68,NA,4,4,0,"petition",9,4,NA,0,9,90,30,45,1,116,NA,4,3,0,"petition",10,4,NA,0,6,60,20,45,1,80,NA,4,2,0,"petition",11,4,NA,0,9,90,50,45,1,88,NA,4,4,0,"petition",12,4,NA,0,9,90,0,45,0,110,NA,4,1,0,"petition",13,4,NA,0,10,100,40,45,1,96,NA,4,4,0,"petition",14,14,NA,0,1,0,0,0,1,0,0,NA,"Petition (0 cost to you)",1,4,4,4,4,3,3,1,1,1,NA,NA,NA,NA,NA,NA,NA,NA,NA,NA,NA,NA,NA,NA,73.1617647058823,1,1,19,"German, Hungarian","Woman","Business and Economics & Social Sciences","1-2","BSc","None","Secondary School","In education","500",6,5,6,"No"
15,"kzsxshpe",26,0,37,143,"activism","Contribute","2026-06-09 08:45:00.892460",1,NA,NA,0,"petition",NA,NA,"ahosr93r",NA,NA,NA,NA,0,"activism_pet_first",5,NA,NA,3,NA,0,5,50,15,45,NA,69,26,7,NA,NA,"petition",1,3,NA,0,10,100,30,45,NA,126,NA,7,NA,NA,"petition",2,3,NA,0,8,80,20,45,NA,NA,NA,7,NA,NA,"petition",3,3,NA,0,0,0,NA,45,NA,NA,NA,7,NA,NA,"petition",4,3,NA,0,NA,NA,NA,45,NA,NA,NA,7,NA,NA,"petition",5,3,NA,0,NA,NA,NA,45,NA,NA,NA,7,NA,NA,"petition",6,3,NA,0,NA,NA,NA,45,NA,NA,NA,7,NA,NA,"petition",7,3,NA,0,NA,NA,NA,NA,NA,NA,NA,7,NA,NA,"petition",8,3,NA,0,NA,NA,NA,NA,NA,NA,NA,7,NA,NA,"petition",9,3,NA,0,NA,NA,NA,NA,NA,NA,NA,7,NA,NA,"petition",10,3,NA,0,NA,NA,NA,NA,NA,NA,NA,7,NA,NA,"petition",11,3,NA,0,NA,NA,NA,NA,NA,NA,NA,7,NA,NA,"petition",12,3,NA,0,NA,NA,NA,NA,NA,NA,NA,7,NA,NA,"petition",13,3,NA,0,NA,NA,NA,NA,NA,NA,NA,7,NA,NA,"petition",14,15,NA,0,NA,NA,NA,NA,NA,NA,NA,NA,NA,NA,NA,NA,NA,NA,NA,NA,NA,1,1,NA,NA,NA,NA,NA,NA,NA,NA,NA,NA,NA,NA,NA,NA,40.8088235294118,1,26,21,"Swedish","Man","Business and Economics","3-4","BSc","1-2 years","Secondary School","In education","500",7,4,8,"Once"
16,"1os08k1l",16,0,78,143,"activism","WaitForResults","2026-06-09 08:45:00.970057",1,NA,NA,0,"petition",NA,NA,"ahosr93r",NA,NA,NA,NA,0,"activism_pet_first",5,NA,NA,2,NA,0,6,60,60,45,NA,56,16,1,NA,NA,"petition",1,2,NA,0,11,110,110,45,NA,88,NA,1,NA,NA,"petition",2,2,NA,0,8,80,80,45,NA,76,NA,1,NA,NA,"petition",3,2,NA,0,11,110,110,45,NA,88,NA,1,NA,NA,"petition",4,2,NA,0,12,120,120,45,NA,96,NA,1,NA,NA,"petition",5,2,NA,0,12,120,120,45,NA,112,NA,1,NA,NA,"petition",6,2,NA,0,9,90,90,45,NA,98,NA,1,NA,NA,"petition",7,2,NA,0,11,110,110,45,1,NA,NA,1,3,0,"petition",8,2,NA,0,NA,NA,NA,NA,NA,NA,NA,1,NA,NA,"petition",9,2,NA,0,NA,NA,NA,NA,NA,NA,NA,1,NA,NA,"petition",10,2,NA,0,NA,NA,NA,NA,NA,NA,NA,1,NA,NA,"petition",11,2,NA,0,NA,NA,NA,NA,NA,NA,NA,1,NA,NA,"petition",12,2,NA,0,NA,NA,NA,NA,NA,NA,NA,1,NA,NA,"petition",13,2,NA,0,NA,NA,NA,NA,NA,NA,NA,1,NA,NA,"petition",14,16,NA,0,NA,NA,NA,NA,NA,NA,NA,NA,NA,NA,NA,NA,NA,NA,NA,NA,NA,1,1,NA,NA,NA,NA,NA,NA,NA,NA,NA,NA,NA,NA,NA,NA,48.8970588235294,1,16,25,"Bulgaria","Man","Logistic Management","1-2","MSc.","1-2","BSc.","In education","775",6,7,7,"Regularly"
17,"zu7f4eup",13,0,143,143,"questionnaire","ThankYou","2026-06-09 08:45:00.980261",1,NA,NA,14.1,"demonstration",7,1780995869.18468,"ahosr93r",NA,NA,NA,NA,0,"activism_pet_first",5,NA,NA,4,NA,0,7,70,0,45,NA,90,13,2,NA,NA,"demonstration",1,4,NA,0,9,90,10,45,NA,100,NA,2,NA,NA,"demonstration",2,4,NA,0,8,80,5,45,NA,89,NA,2,NA,NA,"demonstration",3,4,NA,0,6,60,0,45,NA,70,NA,2,NA,NA,"demonstration",4,4,NA,0,10,100,15,45,NA,97,NA,2,NA,NA,"demonstration",5,4,NA,0,11,110,15,45,NA,103,NA,2,NA,NA,"demonstration",6,4,NA,0,9,90,0,45,NA,94,NA,2,NA,NA,"demonstration",7,4,NA,0,11,110,0,45,0,110,NA,2,0,0,"demonstration",8,4,NA,0,11,110,0,45,0,110,NA,2,0,0,"demonstration",9,4,NA,0,13,130,0,45,0,130,NA,2,0,0,"demonstration",10,4,NA,0,12,120,0,45,0,120,NA,2,0,0,"demonstration",11,4,NA,0,11,110,0,45,0,110,NA,2,0,0,"demonstration",12,4,NA,0,11,110,0,45,0,110,NA,2,0,0,"demonstration",13,4,NA,0,11,110,10,45,0,108,NA,2,1,0,"demonstration",14,17,NA,0,0,0,0,0,0,0,0,"I am not interested, I dislike group projects","None of the above",5,2,3,3,4,3,3,3,1,1,NA,NA,NA,NA,NA,NA,NA,NA,NA,NA,NA,NA,NA,NA,73.8970588235294,1,13,26,"Austria","Woman","Applied Arts","3-4","Other","3-5","BSc.","Part-time","200",5,0,6,"Once"
18,"vw2fpivq",4,0,38,143,"activism","WaitForResults","2026-06-09 08:45:01.205107",1,NA,NA,0,"petition",NA,NA,"ahosr93r",NA,NA,NA,NA,0,"activism_pet_first",5,NA,NA,1,NA,0,11,110,20,45,NA,124,4,7,NA,NA,"petition",1,1,NA,0,10,100,20,45,NA,136,NA,7,NA,NA,"petition",2,1,NA,0,11,110,20,45,NA,128,NA,7,NA,NA,"petition",3,1,NA,0,11,110,20,45,NA,NA,NA,7,NA,NA,"petition",4,1,NA,0,NA,NA,NA,45,NA,NA,NA,7,NA,NA,"petition",5,1,NA,0,NA,NA,NA,45,NA,NA,NA,7,NA,NA,"petition",6,1,NA,0,NA,NA,NA,45,NA,NA,NA,7,NA,NA,"petition",7,1,NA,0,NA,NA,NA,NA,NA,NA,NA,7,NA,NA,"petition",8,1,NA,0,NA,NA,NA,NA,NA,NA,NA,7,NA,NA,"petition",9,1,NA,0,NA,NA,NA,NA,NA,NA,NA,7,NA,NA,"petition",10,1,NA,0,NA,NA,NA,NA,NA,NA,NA,7,NA,NA,"petition",11,1,NA,0,NA,NA,NA,NA,NA,NA,NA,7,NA,NA,"petition",12,1,NA,0,NA,NA,NA,NA,NA,NA,NA,7,NA,NA,"petition",13,1,NA,0,NA,NA,NA,NA,NA,NA,NA,7,NA,NA,"petition",14,18,NA,0,NA,NA,NA,NA,NA,NA,NA,NA,NA,NA,NA,NA,NA,NA,NA,NA,NA,1,1,NA,NA,NA,NA,NA,NA,NA,NA,NA,NA,NA,NA,NA,NA,41.5441176470588,1,4,19,"Austria","Woman","Business & Social Science","3-4","BSc","None","Secondary School","Part-time","700",3,7,7,"Once"
19,"9mcj0ohn",17,0,143,143,"questionnaire","ThankYou","2026-06-09 08:45:01.329408",1,NA,NA,20.1,"demonstration",7,1780995819.01845,"ahosr93r",NA,NA,NA,NA,0,"activism_pet_first",5,NA,NA,3,NA,0,12,120,0,45,NA,140,17,2,NA,NA,"demonstration",1,3,NA,0,10,100,0,45,NA,120,NA,2,NA,NA,"demonstration",2,3,NA,0,13,130,0,45,NA,144,NA,2,NA,NA,"demonstration",3,3,NA,0,10,100,0,45,NA,110,NA,2,NA,NA,"demonstration",4,3,NA,0,13,130,0,45,NA,142,NA,2,NA,NA,"demonstration",5,3,NA,0,13,130,0,45,NA,138,NA,2,NA,NA,"demonstration",6,3,NA,0,13,130,0,45,NA,134,NA,2,NA,NA,"demonstration",7,3,NA,0,14,140,0,45,0,140,NA,2,0,0,"demonstration",8,3,NA,0,12,120,0,45,0,120,NA,2,0,0,"demonstration",9,3,NA,0,14,140,0,45,0,140,NA,2,0,0,"demonstration",10,3,NA,0,15,150,0,45,0,150,NA,2,0,0,"demonstration",11,3,NA,0,11,110,0,45,0,110,NA,2,0,0,"demonstration",12,3,NA,0,10,100,0,45,0,100,NA,2,0,0,"demonstration",13,3,NA,0,11,110,0,45,0,118,NA,2,1,0,"demonstration",14,19,NA,0,0,0,0,0,1,0,0,NA,"Petition (0 cost to you)",3,1,1,3,3,1,1,1,1,1,NA,NA,NA,NA,NA,NA,NA,NA,NA,NA,NA,NA,NA,NA,73.5294117647059,1,17,24,"Palestine","Man","Economics","3-4","MSc.","3-5","BSc.","In education","200",2,8,10,"No"
20,"ykenmho2",5,0,143,143,"questionnaire","ThankYou","2026-06-09 08:45:01.509512",1,NA,NA,15.3,"roadblock",6,1780995764.41842,"ahosr93r",NA,NA,NA,NA,0,"activism_pet_first",5,NA,NA,2,NA,0,11,110,55,45,NA,101,5,3,NA,NA,"roadblock",1,2,NA,0,12,120,60,45,NA,122,NA,3,NA,NA,"roadblock",2,2,NA,0,11,110,0,45,NA,160,NA,3,NA,NA,"roadblock",3,2,NA,0,12,120,60,45,NA,124,NA,3,NA,NA,"roadblock",4,2,NA,0,14,140,0,45,NA,150,NA,3,NA,NA,"roadblock",5,2,NA,0,13,130,60,45,NA,102,NA,3,NA,NA,"roadblock",6,2,NA,0,11,110,0,45,NA,118,NA,3,NA,NA,"roadblock",7,2,NA,0,10,100,100,35,1,64,NA,3,3,3,"roadblock",8,2,NA,0,10,100,100,35,1,62,NA,3,4,4,"roadblock",9,2,NA,0,12,120,120,35,1,78,NA,3,3,3,"roadblock",10,2,NA,0,12,120,0,40,0,150,NA,3,3,3,"roadblock",11,2,NA,0,12,120,0,40,0,124,NA,3,2,2,"roadblock",12,2,NA,0,10,100,0,40,0,106,NA,3,2,2,"roadblock",13,2,NA,0,12,120,0,40,0,125.2,NA,3,2,2,"roadblock",14,20,NA,0,1,0,0,0,0,0,0,"I wanted to put the money in a pot but hardly anyone else participated so it was no good deal for me in the end.","Petition (0 cost to you)",3,4,2,3,2,2,2,3,1,1,NA,NA,NA,NA,NA,NA,NA,NA,NA,NA,NA,NA,NA,NA,73.8970588235294,1,5,20,"Austria","Man",NA,"1-2","BSc","1-2 years","Secondary School","Part-time; In education","550",4,8,6,"Once"
21,"ju6xezrw",2,0,143,143,"questionnaire","ThankYou","2026-06-09 08:45:01.720698",1,NA,NA,19.35,"demonstration",2,1780995842.36694,"ahosr93r",NA,NA,NA,NA,0,"activism_pet_first",5,NA,NA,2,NA,0,7,70,10,45,NA,88.8,2,5,NA,NA,"demonstration",1,2,NA,0,10,100,25,45,NA,129,NA,5,NA,NA,"demonstration",2,2,NA,0,11,110,30,45,NA,168,NA,5,NA,NA,"demonstration",3,2,NA,0,11,110,34,45,NA,161.6,NA,5,NA,NA,"demonstration",4,2,NA,0,12,120,40,45,NA,140,NA,5,NA,NA,"demonstration",5,2,NA,0,14,140,40,45,NA,196,NA,5,NA,NA,"demonstration",6,2,NA,0,14,140,50,45,NA,154,NA,5,NA,NA,"demonstration",7,2,NA,0,8,80,10,45,0,104,NA,5,1,0,"demonstration",8,2,NA,0,9,90,20,45,0,134,NA,5,1,0,"demonstration",9,2,NA,0,14,140,25,45,0,149,NA,5,0,0,"demonstration",10,2,NA,0,11,110,28,45,0,93.2,NA,5,0,0,"demonstration",11,2,NA,0,10,100,20,45,0,88,NA,5,0,0,"demonstration",12,2,NA,0,12,120,10,45,0,114,NA,5,0,0,"demonstration",13,2,NA,0,14,140,5,45,0,137,NA,5,0,0,"demonstration",14,21,NA,0,0,0,0,0,0,0,1,NA,"Petition (0 cost to you)",5,4,3,3,2,3,4,2,1,1,NA,NA,NA,NA,NA,NA,NA,NA,NA,NA,NA,NA,NA,NA,73.5294117647059,1,2,23,"German","Woman","Business Economics","1-2","MSc","1-2 years","BSc.","Part-time; In education","500",4,5,5,"No"
22,"odojvl0k",18,0,143,143,"questionnaire","ThankYou","2026-06-09 08:45:02.175733",1,NA,NA,4.35,"demonstration",7,1780995898.76812,"ahosr93r",NA,NA,NA,NA,0,"activism_pet_first",5,NA,NA,2,NA,0,4,40,20,45,NA,40,18,2,NA,NA,"demonstration",1,2,NA,0,6,60,20,45,NA,60,NA,2,NA,NA,"demonstration",2,2,NA,0,6,60,10,45,NA,64,NA,2,NA,NA,"demonstration",3,2,NA,0,6,60,20,45,NA,50,NA,2,NA,NA,"demonstration",4,2,NA,0,7,70,5,45,NA,77,NA,2,NA,NA,"demonstration",5,2,NA,0,9,90,5,45,NA,93,NA,2,NA,NA,"demonstration",6,2,NA,0,3,30,5,45,NA,29,NA,2,NA,NA,"demonstration",7,2,NA,0,4,40,0,45,0,40,NA,2,0,0,"demonstration",8,2,NA,0,5,50,0,45,0,50,NA,2,0,0,"demonstration",9,2,NA,0,9,90,0,45,0,90,NA,2,0,0,"demonstration",10,2,NA,0,9,90,0,45,0,90,NA,2,0,0,"demonstration",11,2,NA,0,8,80,0,45,0,80,NA,2,0,0,"demonstration",12,2,NA,0,8,80,0,45,0,80,NA,2,0,0,"demonstration",13,2,NA,0,5,50,10,35,1,48,NA,2,1,0,"demonstration",14,22,NA,0,0,0,0,0,1,0,0,"Not regarding that but sometimes the numbers got changed to an incorrect number","Petition (0 cost to you)",4,2,4,4,4,3,3,3,1,1,NA,NA,NA,NA,NA,NA,NA,NA,NA,NA,NA,NA,NA,NA,73.8970588235294,1,18,26,"Austria","Woman",NA,"7-8","BSc.","> 5 years","BSc.","In education","4000",8,2,10,"Regularly"
23,"lbjc7cyh",10,0,143,143,"questionnaire","ThankYou","2026-06-09 08:45:02.360429",1,NA,NA,16.8,"roadblock",6,1780995748.97429,"ahosr93r",NA,NA,NA,NA,0,"activism_pet_first",5,NA,NA,3,NA,0,5,50,10,45,NA,86,10,3,NA,NA,"roadblock",1,3,NA,0,6,60,10,45,NA,112,NA,3,NA,NA,"roadblock",2,3,NA,0,7,70,10,45,NA,110,NA,3,NA,NA,"roadblock",3,3,NA,0,8,80,10,45,NA,134,NA,3,NA,NA,"roadblock",4,3,NA,0,9,90,10,45,NA,90,NA,3,NA,NA,"roadblock",5,3,NA,0,9,90,10,45,NA,112,NA,3,NA,NA,"roadblock",6,3,NA,0,4,40,10,45,NA,38,NA,3,NA,NA,"roadblock",7,3,NA,0,6,60,10,35,1,114,NA,3,3,3,"roadblock",8,3,NA,0,2,20,10,35,1,72,NA,3,4,4,"roadblock",9,3,NA,0,5,50,5,35,1,123,NA,3,3,3,"roadblock",10,3,NA,0,6,60,10,35,1,80,NA,3,3,3,"roadblock",11,3,NA,0,5,50,5,35,1,49,NA,3,2,2,"roadblock",12,3,NA,0,8,80,5,35,1,81,NA,3,2,2,"roadblock",13,3,NA,0,6,60,10,35,1,55.2,NA,3,2,2,"roadblock",14,23,NA,0,1,0,0,0,0,0,0,NA,"Petition (0 cost to you)",4,2,2,2,2,3,3,3,1,1,NA,NA,NA,NA,NA,NA,NA,NA,NA,NA,NA,NA,NA,NA,73.5294117647059,1,10,28,"Germany","Woman",NA,"7-8","Other","None","BSc.","In education",NA,2,5,5,"Once"
24,"iircdrz3",20,0,143,143,"questionnaire","ThankYou","2026-06-09 08:45:03.388544",1,NA,NA,27.6,"demonstration",2,1780995847.0544,"ahosr93r",NA,NA,NA,NA,0,"activism_pet_first",5,NA,NA,4,NA,0,10,100,0,45,NA,128.8,20,5,NA,NA,"demonstration",1,4,NA,0,13,130,0,45,NA,184,NA,5,NA,NA,"demonstration",2,4,NA,0,13,130,30,45,NA,188,NA,5,NA,NA,"demonstration",3,4,NA,0,13,130,20,45,NA,195.6,NA,5,NA,NA,"demonstration",4,4,NA,0,14,140,40,45,NA,160,NA,5,NA,NA,"demonstration",5,4,NA,0,15,150,40,45,NA,206,NA,5,NA,NA,"demonstration",6,4,NA,0,13,130,0,45,NA,194,NA,5,NA,NA,"demonstration",7,4,NA,0,15,150,15,45,0,169,NA,5,1,0,"demonstration",8,4,NA,0,13,130,10,45,0,184,NA,5,1,0,"demonstration",9,4,NA,0,13,130,0,45,0,164,NA,5,0,0,"demonstration",10,4,NA,0,13,130,0,45,0,141.2,NA,5,0,0,"demonstration",11,4,NA,0,13,130,0,45,0,138,NA,5,0,0,"demonstration",12,4,NA,0,15,150,0,45,0,154,NA,5,0,0,"demonstration",13,4,NA,0,14,140,0,45,0,142,NA,5,0,0,"demonstration",14,24,NA,0,0,0,0,1,1,0,1,NA,"Petition (0 cost to you)",5,3,2,2,2,4,2,3,1,1,NA,NA,NA,NA,NA,NA,NA,NA,NA,NA,NA,NA,NA,NA,73.5294117647059,1,20,19,"Germany","Man",NA,"1-2","BSc.","< 1 year","Secondary School","In education","300",6,3,4,"No"
25,"1yv42yer",28,0,143,143,"questionnaire","ThankYou","2026-06-09 08:45:03.554282",1,NA,NA,23.4,"petition",6,1780995815.60885,"ahosr93r",NA,NA,NA,NA,0,"activism_pet_first",5,NA,NA,2,NA,0,13,130,20,45,NA,142,28,4,NA,NA,"petition",1,2,NA,0,13,130,30,45,NA,152,NA,4,NA,NA,"petition",2,2,NA,0,12,120,40,45,NA,128,NA,4,NA,NA,"petition",3,2,NA,0,12,120,30,45,NA,152,NA,4,NA,NA,"petition",4,2,NA,0,14,140,30,45,NA,156,NA,4,NA,NA,"petition",5,2,NA,0,14,140,30,45,NA,156,NA,4,NA,NA,"petition",6,2,NA,0,13,130,30,45,NA,128.8,NA,4,NA,NA,"petition",7,2,NA,0,12,120,40,45,1,160,NA,4,4,NA,"petition",8,2,NA,0,12,120,50,45,1,138,NA,4,4,0,"petition",9,2,NA,0,15,150,40,45,1,166,NA,4,3,0,"petition",10,2,NA,0,15,150,50,45,1,140,NA,4,2,0,"petition",11,2,NA,0,12,120,30,45,1,138,NA,4,4,0,"petition",12,2,NA,0,13,130,30,45,1,120,NA,4,1,0,"petition",13,2,NA,0,14,140,30,45,1,146,NA,4,4,0,"petition",14,25,NA,0,1,1,0,0,1,1,0,NA,"Petition (0 cost to you)",1,1,1,5,4,1,3,2,1,1,NA,NA,NA,NA,NA,NA,NA,NA,NA,NA,NA,NA,NA,NA,73.1617647058823,1,28,24,"Bulgarian","Woman","International Business Administration","3-4","BSc","3-5 years","Secondary School","Part-time","350-450",2,3,2,"Regularly"
26,"zy9e5vmk",3,0,143,143,"questionnaire","ThankYou","2026-06-09 08:45:03.649189",1,NA,NA,18.3,"roadblock",6,1780995708.25705,"ahosr93r",NA,NA,NA,NA,0,"activism_pet_first",5,NA,NA,1,NA,0,9,90,30,45,NA,106,3,3,NA,NA,"roadblock",1,1,NA,0,10,100,50,45,NA,112,NA,3,NA,NA,"roadblock",2,1,NA,0,8,80,80,45,NA,50,NA,3,NA,NA,"roadblock",3,1,NA,0,11,110,80,45,NA,94,NA,3,NA,NA,"roadblock",4,1,NA,0,10,100,0,45,NA,110,NA,3,NA,NA,"roadblock",5,1,NA,0,9,90,0,45,NA,122,NA,3,NA,NA,"roadblock",6,1,NA,0,10,100,0,45,NA,108,NA,3,NA,NA,"roadblock",7,1,NA,0,11,110,40,40,0,134,NA,3,3,3,"roadblock",8,1,NA,0,9,90,40,35,1,112,NA,3,4,4,"roadblock",9,1,NA,0,12,120,60,35,1,138,NA,3,3,3,"roadblock",10,1,NA,0,12,120,60,35,1,90,NA,3,3,3,"roadblock",11,1,NA,0,11,110,0,35,1,114,NA,3,2,2,"roadblock",12,1,NA,0,11,110,0,40,0,116,NA,3,2,2,"roadblock",13,1,NA,0,10,100,0,40,0,105.2,NA,3,2,2,"roadblock",14,26,NA,0,0,1,0,1,0,0,0,NA,"None of the above",5,4,5,3,3,4,4,2,1,1,NA,NA,NA,NA,NA,NA,NA,NA,NA,NA,NA,NA,NA,NA,73.5294117647059,1,3,21,"Ukraine","Man","Business and Economics","1-2","BSc","None","BSc.","In education",NA,5,5,6,"No"
27,"wlo53l7c",11,0,58,143,"activism","WaitForResults","2026-06-09 08:45:03.947866",1,NA,NA,0,"roadblock",NA,NA,"ahosr93r",NA,NA,NA,NA,0,"activism_pet_first",5,NA,NA,4,NA,0,8,80,15,45,NA,135,11,6,NA,NA,"roadblock",1,4,NA,0,8,80,30,45,NA,146,NA,6,NA,NA,"roadblock",2,4,NA,0,7,70,70,45,NA,90,NA,6,NA,NA,"roadblock",3,4,NA,0,8,80,80,45,NA,108,NA,6,NA,NA,"roadblock",4,4,NA,0,8,80,80,45,NA,40,NA,6,NA,NA,"roadblock",5,4,NA,0,12,120,20,45,NA,NA,NA,6,NA,NA,"roadblock",6,4,NA,0,NA,NA,NA,45,NA,NA,NA,6,NA,NA,"roadblock",7,4,NA,0,NA,NA,NA,NA,NA,NA,NA,6,NA,NA,"roadblock",8,4,NA,0,NA,NA,NA,NA,NA,NA,NA,6,NA,NA,"roadblock",9,4,NA,0,NA,NA,NA,NA,NA,NA,NA,6,NA,NA,"roadblock",10,4,NA,0,NA,NA,NA,NA,NA,NA,NA,6,NA,NA,"roadblock",11,4,NA,0,NA,NA,NA,NA,NA,NA,NA,6,NA,NA,"roadblock",12,4,NA,0,NA,NA,NA,NA,NA,NA,NA,6,NA,NA,"roadblock",13,4,NA,0,NA,NA,NA,NA,NA,NA,NA,6,NA,NA,"roadblock",14,27,NA,0,NA,NA,NA,NA,NA,NA,NA,NA,NA,NA,NA,NA,NA,NA,NA,NA,NA,1,1,NA,NA,NA,NA,NA,NA,NA,NA,NA,NA,NA,NA,NA,NA,44.4852941176471,1,11,19,"Austria","Non-binary / Diverse",NA,"1-2","BSc.","None","Secondary School","In education","150",0,8,7,"Once"
28,"a3llmru2",6,0,143,143,"questionnaire","ThankYou","2026-06-09 08:45:12.476124",1,NA,NA,17.4,"petition",6,1780995862.33695,"ahosr93r",NA,NA,NA,NA,0,"activism_pet_first",5,NA,NA,1,NA,0,10,100,30,45,NA,102,6,4,NA,NA,"petition",1,1,NA,0,10,100,40,45,NA,112,NA,4,NA,NA,"petition",2,1,NA,0,12,120,60,45,NA,108,NA,4,NA,NA,"petition",3,1,NA,0,12,120,40,45,NA,142,NA,4,NA,NA,"petition",4,1,NA,0,12,120,50,45,NA,116,NA,4,NA,NA,"petition",5,1,NA,0,12,120,50,45,NA,116,NA,4,NA,NA,"petition",6,1,NA,0,13,130,0,45,NA,158.8,NA,4,NA,NA,"petition",7,1,NA,0,12,120,100,45,1,100,NA,4,4,NA,"petition",8,1,NA,0,11,110,20,45,1,158,NA,4,4,0,"petition",9,1,NA,0,11,110,30,45,1,136,NA,4,3,0,"petition",10,1,NA,0,14,140,0,45,0,180,NA,4,2,0,"petition",11,1,NA,0,10,100,20,45,1,128,NA,4,4,0,"petition",12,1,NA,0,14,140,0,45,0,160,NA,4,1,0,"petition",13,1,NA,0,14,140,0,45,1,176,NA,4,4,0,"petition",14,28,NA,0,1,0,1,0,1,0,0,NA,"Petition (0 cost to you)",5,2,4,1,3,2,2,4,1,1,NA,NA,NA,NA,NA,NA,NA,NA,NA,NA,NA,NA,NA,NA,73.1617647058823,1,6,17,"Russian","Man","Physics","1-2","BSc","<1 year","Secondary School","Part-time","200",5,5,7,"Once"
1,"r6cd7e3m",28,0,143,143,"questionnaire","ThankYou","2026-06-09 13:35:26.336893",1,NA,NA,19.5,"petition",9,1781013278.51127,"tdmddbpq",NA,NA,NA,NA,0,"activism_pet_first",5,NA,NA,3,NA,0,10,100,33,45,NA,128.2,28,1,NA,NA,"petition",1,3,NA,0,12,120,20,45,NA,108,NA,1,NA,NA,"petition",2,3,NA,0,11,110,0,45,NA,118,NA,1,NA,NA,"petition",3,3,NA,0,10,100,0,45,NA,100,NA,1,NA,NA,"petition",4,3,NA,0,10,100,0,45,NA,100,NA,1,NA,NA,"petition",5,3,NA,0,10,100,0,45,NA,100,NA,1,NA,NA,"petition",6,3,NA,0,10,100,0,45,NA,100,NA,1,NA,NA,"petition",7,3,NA,0,12,120,0,45,0,186,NA,1,3,0,"petition",8,3,NA,0,13,130,30,45,1,130,NA,1,3,0,"petition",9,3,NA,0,12,120,30,45,1,116,NA,1,3,0,"petition",10,3,NA,0,13,130,20,45,1,138,NA,1,3,0,"petition",11,3,NA,0,11,110,20,45,1,110,NA,1,3,0,"petition",12,3,NA,0,12,120,20,45,1,126,NA,1,3,0,"petition",13,3,NA,0,14,140,0,45,1,148,NA,1,3,0,"petition",14,1,NA,0,0,1,0,0,0,0,0,NA,"Petition (0 cost to you)",4,2,3,3,3,3,4,2,1,1,153,20,20,0,0,0,0,165,75,65,70,50,65,20,78.6764705882353,2,28,19,"Slovakian","Woman","WISO","1-2","BSc","<1 year","Secondary school","In education studying","200",5,6,8,"Once"
2,"gl3plip3",24,0,58,143,"activism","WaitForResults","2026-06-09 13:35:26.616933",1,NA,NA,0,"demonstration",NA,NA,"tdmddbpq",NA,NA,NA,NA,0,"activism_pet_first",5,NA,NA,1,NA,0,12,120,20,45,NA,128,24,2,NA,NA,"demonstration",1,1,NA,0,13,130,20,45,NA,134,NA,2,NA,NA,"demonstration",2,1,NA,0,14,140,20,45,NA,140,NA,2,NA,NA,"demonstration",3,1,NA,0,13,130,10,45,NA,136,NA,2,NA,NA,"demonstration",4,1,NA,0,15,150,30,45,NA,136,NA,2,NA,NA,"demonstration",5,1,NA,0,11,110,0,45,NA,NA,NA,2,NA,NA,"demonstration",6,1,NA,0,NA,NA,NA,45,NA,NA,NA,2,NA,NA,"demonstration",7,1,NA,0,NA,NA,NA,NA,NA,NA,NA,2,NA,NA,"demonstration",8,1,NA,0,NA,NA,NA,NA,NA,NA,NA,2,NA,NA,"demonstration",9,1,NA,0,NA,NA,NA,NA,NA,NA,NA,2,NA,NA,"demonstration",10,1,NA,0,NA,NA,NA,NA,NA,NA,NA,2,NA,NA,"demonstration",11,1,NA,0,NA,NA,NA,NA,NA,NA,NA,2,NA,NA,"demonstration",12,1,NA,0,NA,NA,NA,NA,NA,NA,NA,2,NA,NA,"demonstration",13,1,NA,0,NA,NA,NA,NA,NA,NA,NA,2,NA,NA,"demonstration",14,2,NA,0,NA,NA,NA,NA,NA,NA,NA,NA,NA,NA,NA,NA,NA,NA,NA,NA,NA,1,1,70,60,50,40,40,NA,NA,NA,NA,NA,NA,NA,NA,NA,46.3235294117647,2,24,28,"German","Woman","Management","7-8","MSc","3-5 years","Bachelor's degree","In education studying; Not employed","200-300",8,5,4,"No"
3,"0m90edei",27,0,142,143,"questionnaire","FinalPayoff","2026-06-09 13:35:27.016465",1,NA,NA,0,"roadblock",NA,NA,"tdmddbpq",NA,NA,NA,NA,0,"activism_pet_first",5,NA,NA,2,NA,0,11,110,1,45,NA,125.4,27,3,NA,NA,"roadblock",1,2,NA,0,12,120,1,45,NA,136.2,NA,3,NA,NA,"roadblock",2,2,NA,0,13,130,1,45,NA,147.8,NA,3,NA,NA,"roadblock",3,2,NA,0,10,100,1,45,NA,112.6,NA,3,NA,NA,"roadblock",4,2,NA,0,12,120,1,45,NA,131.4,NA,3,NA,NA,"roadblock",5,2,NA,0,11,110,1,45,NA,122.2,NA,3,NA,NA,"roadblock",6,2,NA,0,9,90,0,45,NA,106,NA,3,NA,NA,"roadblock",7,2,NA,0,12,120,1,40,0,131.4,NA,3,2,2,"roadblock",8,2,NA,0,12,120,1,40,0,131,NA,3,2,2,"roadblock",9,2,NA,0,11,110,1,40,0,119.4,NA,3,1,1,"roadblock",10,2,NA,0,11,110,1,40,0,117.4,NA,3,1,1,"roadblock",11,2,NA,0,11,110,1,40,0,115.4,NA,3,1,1,"roadblock",12,2,NA,0,12,120,1,40,0,124.6,NA,3,2,2,"roadblock",13,2,NA,0,11,110,1,40,0,115.4,NA,3,2,2,"roadblock",14,3,NA,0,0,0,0,0,0,0,1,NA,"Petition (0 cost to you)",2,3,2,3,2,3,3,3,1,1,41,43,47,34,31,33,40,31,30,26,21,16,14,16,77.9411764705882,2,27,22,"German","Man","WISO Business Information Systems","5-6","BSc","1-2 years","Secondary school","In education studying","500",6,7,4,"No"
4,"mo19ix9u",18,0,143,143,"questionnaire","ThankYou","2026-06-09 13:35:27.196561",1,NA,NA,17.1,"demonstration",9,1781013224.16484,"tdmddbpq",NA,NA,NA,NA,0,"activism_pet_first",5,NA,NA,4,NA,0,10,100,25,45,NA,101,18,5,NA,NA,"demonstration",1,4,NA,0,12,120,20,45,NA,128,NA,5,NA,NA,"demonstration",2,4,NA,0,10,100,25,45,NA,101,NA,5,NA,NA,"demonstration",3,4,NA,0,9,90,20,45,NA,90,NA,5,NA,NA,"demonstration",4,4,NA,0,10,100,0,45,NA,114,NA,5,NA,NA,"demonstration",5,4,NA,0,9,90,0,45,NA,104,NA,5,NA,NA,"demonstration",6,4,NA,0,10,100,0,45,NA,106,NA,5,NA,NA,"demonstration",7,4,NA,0,9,90,0,35,1,138,NA,5,3,0,"demonstration",8,4,NA,0,6,60,0,35,1,114,NA,5,3,0,"demonstration",9,4,NA,0,8,80,0,35,1,92,NA,5,2,0,"demonstration",10,4,NA,0,12,120,0,45,0,120,NA,5,0,0,"demonstration",11,4,NA,0,10,100,0,45,0,100,NA,5,0,0,"demonstration",12,4,NA,0,8,80,0,45,0,80,NA,5,0,0,"demonstration",13,4,NA,0,9,90,0,35,1,90,NA,5,1,0,"demonstration",14,4,NA,0,1,0,0,0,0,0,0,NA,"Petition (0 cost to you)",3,4,3,3,3,3,3,3,1,1,65,70,65,50,35,35,15,120,135,30,0,0,0,0,78.6764705882353,2,18,23,"Russia","Woman","International law","1-2","BSc","1-2 years","Secondary school","Not employed","1000",1,7,5,"Once"
5,"omy7uxz8",25,0,143,143,"questionnaire","ThankYou","2026-06-09 13:35:27.442889",1,NA,NA,30,"petition",12,1781013415.14801,"tdmddbpq",NA,NA,NA,NA,0,"activism_pet_first",5,NA,NA,1,NA,0,10,100,25,45,NA,123,25,7,NA,NA,"petition",1,1,NA,0,13,130,30,45,NA,140,NA,7,NA,NA,"petition",2,1,NA,0,14,140,30,45,NA,150,NA,7,NA,NA,"petition",3,1,NA,0,12,120,120,45,NA,56,NA,7,NA,NA,"petition",4,1,NA,0,12,120,120,45,NA,88,NA,7,NA,NA,"petition",5,1,NA,0,12,120,80,45,NA,120,NA,7,NA,NA,"petition",6,1,NA,0,11,110,0,45,NA,142,NA,7,NA,NA,"petition",7,1,NA,0,13,130,100,45,1,158,NA,7,4,0,"petition",8,1,NA,0,13,130,100,45,1,170,NA,7,4,0,"petition",9,1,NA,0,14,140,90,45,1,186,NA,7,4,0,"petition",10,1,NA,0,15,150,90,45,1,212,NA,7,4,0,"petition",11,1,NA,0,14,140,100,45,1,200,NA,7,4,0,"petition",12,1,NA,0,14,140,90,45,1,218,NA,7,4,0,"petition",13,1,NA,0,13,130,0,45,1,186,NA,7,4,0,"petition",14,5,NA,0,1,0,0,0,0,0,0,NA,"Petition (0 cost to you)",1,4,3,4,3,3,3,3,1,1,120,100,100,140,220,200,80,320,350,340,380,400,420,140,78.6764705882353,2,25,23,"Austria","Woman",NA,"5-6","BSc","3-5 years","Bachelor's degree","Part-time","120",7,3,3,"Once"
6,"hw7ddtgh",13,0,143,143,"questionnaire","ThankYou","2026-06-09 13:35:27.510203",1,NA,NA,13.5,"petition",9,1781013326.77826,"tdmddbpq",NA,NA,NA,NA,0,"activism_pet_first",5,NA,NA,1,NA,0,6,60,0,45,NA,121.2,13,1,NA,NA,"petition",1,1,NA,0,8,80,0,45,NA,88,NA,1,NA,NA,"petition",2,1,NA,0,6,60,0,45,NA,68,NA,1,NA,NA,"petition",3,1,NA,0,10,100,0,45,NA,100,NA,1,NA,NA,"petition",4,1,NA,0,11,110,0,45,NA,110,NA,1,NA,NA,"petition",5,1,NA,0,9,90,0,45,NA,90,NA,1,NA,NA,"petition",6,1,NA,0,10,100,0,45,NA,100,NA,1,NA,NA,"petition",7,1,NA,0,8,80,10,45,1,136,NA,1,3,0,"petition",8,1,NA,0,7,70,10,45,1,90,NA,1,3,0,"petition",9,1,NA,0,9,90,15,45,1,101,NA,1,3,0,"petition",10,1,NA,0,11,110,20,45,1,118,NA,1,3,0,"petition",11,1,NA,0,10,100,10,45,1,110,NA,1,3,0,"petition",12,1,NA,0,10,100,15,45,1,111,NA,1,3,0,"petition",13,1,NA,0,11,110,20,45,1,98,NA,1,3,0,"petition",14,6,NA,0,0,0,0,0,0,0,0,"higher payoff","Petition (0 cost to you)",2,5,2,4,3,3,3,2,1,1,153,20,20,0,0,0,0,165,75,65,70,50,65,20,79.0441176470588,2,13,26,"Russia","Woman","Management","9+","MSc","3-5 years","Master's degree","Not employed",NA,7,10,8,"No"
7,"emq43ot6",14,0,143,143,"questionnaire","ThankYou","2026-06-09 13:35:27.518368",1,NA,NA,16.35,"demonstration",9,1781013232.99298,"tdmddbpq",NA,NA,NA,NA,0,"activism_pet_first",5,NA,NA,2,NA,0,8,80,40,45,NA,66,14,5,NA,NA,"demonstration",1,2,NA,0,10,100,50,45,NA,78,NA,5,NA,NA,"demonstration",2,2,NA,0,9,90,30,45,NA,86,NA,5,NA,NA,"demonstration",3,2,NA,0,8,80,30,45,NA,70,NA,5,NA,NA,"demonstration",4,2,NA,0,9,90,35,45,NA,69,NA,5,NA,NA,"demonstration",5,2,NA,0,8,80,35,45,NA,59,NA,5,NA,NA,"demonstration",6,2,NA,0,11,110,15,45,NA,101,NA,5,NA,NA,"demonstration",7,2,NA,0,8,80,40,35,1,88,NA,5,3,0,"demonstration",8,2,NA,0,9,90,35,35,1,109,NA,5,3,0,"demonstration",9,2,NA,0,7,70,30,35,1,52,NA,5,2,0,"demonstration",10,2,NA,0,11,110,0,45,0,110,NA,5,0,0,"demonstration",11,2,NA,0,9,90,0,45,0,90,NA,5,0,0,"demonstration",12,2,NA,0,11,110,0,45,0,110,NA,5,0,0,"demonstration",13,2,NA,0,11,110,0,45,0,110,NA,5,1,0,"demonstration",14,7,NA,0,1,0,1,0,0,0,0,NA,"Demonstration (Cost: -10 sec to you)",3,3,3,4,3,3,4,3,1,1,65,70,65,50,35,35,15,120,135,30,0,0,0,0,78.6764705882353,2,14,36,"German","Man",NA,"5-6","Other",">5 years","Doctoral degree or higher","Full-time","1800",6,8,8,"Regularly"
8,"zwt9mabo",22,0,143,143,"questionnaire","ThankYou","2026-06-09 13:35:27.530089",1,NA,NA,25.5,"petition",12,1781013481.38014,"tdmddbpq",NA,NA,NA,NA,0,"activism_pet_first",5,NA,NA,3,NA,0,14,140,40,45,NA,148,22,7,NA,NA,"petition",1,3,NA,0,14,140,40,45,NA,140,NA,7,NA,NA,"petition",2,3,NA,0,13,130,0,45,NA,170,NA,7,NA,NA,"petition",3,3,NA,0,11,110,0,45,NA,166,NA,7,NA,NA,"petition",4,3,NA,0,13,130,30,45,NA,188,NA,7,NA,NA,"petition",5,3,NA,0,12,120,30,45,NA,170,NA,7,NA,NA,"petition",6,3,NA,0,10,100,0,45,NA,132,NA,7,NA,NA,"petition",7,3,NA,0,15,150,100,45,1,178,NA,7,4,0,"petition",8,3,NA,0,12,120,100,45,1,160,NA,7,4,0,"petition",9,3,NA,0,13,130,100,45,1,166,NA,7,4,0,"petition",10,3,NA,0,14,140,100,45,1,192,NA,7,4,0,"petition",11,3,NA,0,13,130,120,45,1,170,NA,7,4,0,"petition",12,3,NA,0,11,110,110,45,1,168,NA,7,4,0,"petition",13,3,NA,0,14,140,40,45,1,156,NA,7,4,0,"petition",14,8,NA,0,1,0,0,0,0,0,0,NA,"None of the above",2,4,4,4,3,4,4,3,1,1,120,100,100,140,220,200,80,320,350,340,380,400,420,140,78.6764705882353,2,22,22,"German","Woman","Social Studies","3-4","BSc","<1 year","Secondary school","Not employed","650",1,5,3,"Once"
9,"678275og",16,0,78,143,"activism","WaitForResults","2026-06-09 13:35:27.830597",1,NA,NA,0,"roadblock",NA,NA,"tdmddbpq",NA,NA,NA,NA,0,"activism_pet_first",5,NA,NA,1,NA,0,11,110,110,45,NA,66,16,6,NA,NA,"roadblock",1,1,NA,0,13,130,130,45,NA,96,NA,6,NA,NA,"roadblock",2,1,NA,0,11,110,110,45,NA,94.4,NA,6,NA,NA,"roadblock",3,1,NA,0,12,120,120,45,NA,94,NA,6,NA,NA,"roadblock",4,1,NA,0,12,120,60,45,NA,125.2,NA,6,NA,NA,"roadblock",5,1,NA,0,11,110,55,45,NA,133,NA,6,NA,NA,"roadblock",6,1,NA,0,13,130,0,45,NA,162,NA,6,NA,NA,"roadblock",7,1,NA,0,10,100,50,40,0,NA,NA,6,2,2,"roadblock",8,1,NA,0,NA,NA,NA,NA,NA,NA,NA,6,NA,NA,"roadblock",9,1,NA,0,NA,NA,NA,NA,NA,NA,NA,6,NA,NA,"roadblock",10,1,NA,0,NA,NA,NA,NA,NA,NA,NA,6,NA,NA,"roadblock",11,1,NA,0,NA,NA,NA,NA,NA,NA,NA,6,NA,NA,"roadblock",12,1,NA,0,NA,NA,NA,NA,NA,NA,NA,6,NA,NA,"roadblock",13,1,NA,0,NA,NA,NA,NA,NA,NA,NA,6,NA,NA,"roadblock",14,9,NA,0,NA,NA,NA,NA,NA,NA,NA,NA,NA,NA,NA,NA,NA,NA,NA,NA,NA,1,1,165,240,236,235,163,195,80,NA,NA,NA,NA,NA,NA,NA,51.4705882352941,2,16,23,"Romanian","Man",NA,"5-6","BSc","<1 year","Secondary school","Part-time","500",6,3,6,"No"
10,"84zpvizz",9,0,49,143,"activism","RoundResults","2026-06-09 13:35:27.910935",1,NA,NA,0,"demonstration",NA,NA,"tdmddbpq",NA,NA,NA,NA,0,"activism_pet_first",5,NA,NA,4,NA,0,7,70,20,45,NA,78,9,2,NA,NA,"demonstration",1,4,NA,0,13,130,0,45,NA,154,NA,2,NA,NA,"demonstration",2,4,NA,0,12,120,0,45,NA,140,NA,2,NA,NA,"demonstration",3,4,NA,0,8,80,0,45,NA,96,NA,2,NA,NA,"demonstration",4,4,NA,0,10,100,0,45,NA,NA,NA,2,NA,NA,"demonstration",5,4,NA,0,NA,NA,NA,45,NA,NA,NA,2,NA,NA,"demonstration",6,4,NA,0,NA,NA,NA,45,NA,NA,NA,2,NA,NA,"demonstration",7,4,NA,0,NA,NA,NA,NA,NA,NA,NA,2,NA,NA,"demonstration",8,4,NA,0,NA,NA,NA,NA,NA,NA,NA,2,NA,NA,"demonstration",9,4,NA,0,NA,NA,NA,NA,NA,NA,NA,2,NA,NA,"demonstration",10,4,NA,0,NA,NA,NA,NA,NA,NA,NA,2,NA,NA,"demonstration",11,4,NA,0,NA,NA,NA,NA,NA,NA,NA,2,NA,NA,"demonstration",12,4,NA,0,NA,NA,NA,NA,NA,NA,NA,2,NA,NA,"demonstration",13,4,NA,0,NA,NA,NA,NA,NA,NA,NA,2,NA,NA,"demonstration",14,10,NA,0,NA,NA,NA,NA,NA,NA,NA,NA,NA,NA,NA,NA,NA,NA,NA,NA,NA,1,1,70,60,50,40,40,NA,NA,NA,NA,NA,NA,NA,NA,NA,44.8529411764706,2,9,22,"Czech","Man","Economics","5-6","BSc","<1 year","Secondary school","In education studying","300",4,8,7,"No"
11,"5qny78h8",6,0,143,143,"questionnaire","ThankYou","2026-06-09 13:35:27.954087",1,NA,NA,15.9,"petition",14,1781013396.7806,"tdmddbpq",NA,NA,NA,NA,0,"activism_pet_first",5,NA,NA,3,NA,0,8,80,40,45,NA,96,6,4,NA,NA,"petition",1,3,NA,0,10,100,80,45,NA,96,NA,4,NA,NA,"petition",2,3,NA,0,7,70,35,45,NA,83,NA,4,NA,NA,"petition",3,3,NA,0,7,70,40,45,NA,86,NA,4,NA,NA,"petition",4,3,NA,0,8,80,50,45,NA,84,NA,4,NA,NA,"petition",5,3,NA,0,8,80,30,45,NA,82,NA,4,NA,NA,"petition",6,3,NA,0,9,90,30,45,NA,94,NA,4,NA,NA,"petition",7,3,NA,0,10,100,65,45,1,89,NA,4,4,0,"petition",8,3,NA,0,10,100,40,45,1,102,NA,4,4,0,"petition",9,3,NA,0,10,100,10,45,1,122,NA,4,4,0,"petition",10,3,NA,0,10,100,20,45,1,108,NA,4,3,0,"petition",11,3,NA,0,11,110,15,45,1,121,NA,4,3,0,"petition",12,3,NA,0,6,60,10,45,1,90,NA,4,4,0,"petition",13,3,NA,0,8,80,20,45,1,106,NA,4,4,0,"petition",14,11,NA,0,1,0,0,0,0,1,0,NA,"Petition (0 cost to you)",1,2,3,4,3,3,3,4,1,1,140,190,120,140,135,80,85,135,105,80,70,65,100,115,78.6764705882353,2,6,28,"Ukraine","Woman","Economics",NA,"Other","1-2 years","Master's degree","Not employed","400",3,3,9,"No"
12,"hd9e5rlc",17,0,58,143,"activism","WaitForResults","2026-06-09 13:35:28.034163",1,NA,NA,0,"demonstration",NA,NA,"tdmddbpq",NA,NA,NA,NA,0,"activism_pet_first",5,NA,NA,3,NA,0,10,100,30,45,NA,98,17,2,NA,NA,"demonstration",1,3,NA,0,11,110,30,45,NA,104,NA,2,NA,NA,"demonstration",2,3,NA,0,13,130,30,45,NA,120,NA,2,NA,NA,"demonstration",3,3,NA,0,11,110,20,45,NA,106,NA,2,NA,NA,"demonstration",4,3,NA,0,10,100,10,45,NA,106,NA,2,NA,NA,"demonstration",5,3,NA,0,10,100,10,45,NA,NA,NA,2,NA,NA,"demonstration",6,3,NA,0,NA,NA,NA,45,NA,NA,NA,2,NA,NA,"demonstration",7,3,NA,0,NA,NA,NA,NA,NA,NA,NA,2,NA,NA,"demonstration",8,3,NA,0,NA,NA,NA,NA,NA,NA,NA,2,NA,NA,"demonstration",9,3,NA,0,NA,NA,NA,NA,NA,NA,NA,2,NA,NA,"demonstration",10,3,NA,0,NA,NA,NA,NA,NA,NA,NA,2,NA,NA,"demonstration",11,3,NA,0,NA,NA,NA,NA,NA,NA,NA,2,NA,NA,"demonstration",12,3,NA,0,NA,NA,NA,NA,NA,NA,NA,2,NA,NA,"demonstration",13,3,NA,0,NA,NA,NA,NA,NA,NA,NA,2,NA,NA,"demonstration",14,12,NA,0,NA,NA,NA,NA,NA,NA,NA,NA,NA,NA,NA,NA,NA,NA,NA,NA,NA,1,1,70,60,50,40,40,NA,NA,NA,NA,NA,NA,NA,NA,NA,46.3235294117647,2,17,21,"Slovakian","Woman","Business Law","1-2","LLB","1-2 years","Secondary school","Part-time; in education/studying","500",4,7,6,"No"
13,"evnisgib",26,0,143,143,"questionnaire","ThankYou","2026-06-09 13:35:28.268118",1,NA,NA,24,"petition",9,1781013350.31822,"tdmddbpq",NA,NA,NA,NA,0,"activism_pet_first",5,NA,NA,4,NA,0,12,120,120,45,NA,61.2,26,1,NA,NA,"petition",1,4,NA,0,15,150,0,45,NA,158,NA,1,NA,NA,"petition",2,4,NA,0,13,130,0,45,NA,138,NA,1,NA,NA,"petition",3,4,NA,0,10,100,0,45,NA,100,NA,1,NA,NA,"petition",4,4,NA,0,14,140,0,45,NA,140,NA,1,NA,NA,"petition",5,4,NA,0,13,130,0,45,NA,130,NA,1,NA,NA,"petition",6,4,NA,0,12,120,0,45,NA,120,NA,1,NA,NA,"petition",7,4,NA,0,15,150,125,45,1,91,NA,1,3,0,"petition",8,4,NA,0,13,130,0,45,0,160,NA,1,3,0,"petition",9,4,NA,0,15,150,0,45,0,176,NA,1,3,0,"petition",10,4,NA,0,15,150,0,45,0,178,NA,1,3,0,"petition",11,4,NA,0,15,150,0,45,0,170,NA,1,3,0,"petition",12,4,NA,0,13,130,0,45,0,156,NA,1,3,0,"petition",13,4,NA,0,14,140,0,45,0,148,NA,1,3,0,"petition",14,13,NA,0,0,0,1,0,0,0,0,NA,"Petition (0 cost to you)",1,3,1,1,4,2,3,4,1,1,153,20,20,0,0,0,0,165,75,65,70,50,65,20,78.6764705882353,2,26,25,"Russia","Man",NA,"1-2","MSc","3-5 years","Bachelor's degree","In education studying","300",5,2,3,"No"
14,"s4fdfqql",23,0,78,143,"activism","WaitForResults","2026-06-09 13:35:28.285298",1,NA,NA,0,"roadblock",NA,NA,"tdmddbpq",NA,NA,NA,NA,0,"activism_pet_first",5,NA,NA,3,NA,0,5,50,30,45,NA,86,23,6,NA,NA,"roadblock",1,3,NA,0,9,90,90,45,NA,96,NA,6,NA,NA,"roadblock",2,3,NA,0,11,110,110,45,NA,94.4,NA,6,NA,NA,"roadblock",3,3,NA,0,11,110,100,45,NA,104,NA,6,NA,NA,"roadblock",4,3,NA,0,10,100,100,45,NA,65.2,NA,6,NA,NA,"roadblock",5,3,NA,0,9,90,80,45,NA,88,NA,6,NA,NA,"roadblock",6,3,NA,0,9,90,70,45,NA,52,NA,6,NA,NA,"roadblock",7,3,NA,0,7,70,70,35,1,NA,NA,6,2,2,"roadblock",8,3,NA,0,NA,NA,NA,NA,NA,NA,NA,6,NA,NA,"roadblock",9,3,NA,0,NA,NA,NA,NA,NA,NA,NA,6,NA,NA,"roadblock",10,3,NA,0,NA,NA,NA,NA,NA,NA,NA,6,NA,NA,"roadblock",11,3,NA,0,NA,NA,NA,NA,NA,NA,NA,6,NA,NA,"roadblock",12,3,NA,0,NA,NA,NA,NA,NA,NA,NA,6,NA,NA,"roadblock",13,3,NA,0,NA,NA,NA,NA,NA,NA,NA,6,NA,NA,"roadblock",14,14,NA,0,NA,NA,NA,NA,NA,NA,NA,NA,NA,NA,NA,NA,NA,NA,NA,NA,NA,1,1,165,240,236,235,163,195,80,NA,NA,NA,NA,NA,NA,NA,51.4705882352941,2,23,24,"Slovakian","Woman",NA,"1-2","BSc","3-5 years","Vocational training/apprenticeship","Part-time","500",3,6,7,"Once"
15,"1pjntanf",21,0,143,143,"questionnaire","ThankYou","2026-06-09 13:35:28.410784",1,NA,NA,18.15,"petition",14,1781013452.30665,"tdmddbpq",NA,NA,NA,NA,0,"activism_pet_first",5,NA,NA,2,NA,0,7,70,40,45,NA,86,21,4,NA,NA,"petition",1,2,NA,0,8,80,50,45,NA,106,NA,4,NA,NA,"petition",2,2,NA,0,6,60,30,45,NA,78,NA,4,NA,NA,"petition",3,2,NA,0,9,90,50,45,NA,96,NA,4,NA,NA,"petition",4,2,NA,0,9,90,40,45,NA,104,NA,4,NA,NA,"petition",5,2,NA,0,8,80,20,45,NA,92,NA,4,NA,NA,"petition",6,2,NA,0,9,90,25,45,NA,99,NA,4,NA,NA,"petition",7,2,NA,0,10,100,25,45,1,129,NA,4,4,0,"petition",8,2,NA,0,10,100,35,45,1,107,NA,4,4,0,"petition",9,2,NA,0,9,90,25,45,1,97,NA,4,4,0,"petition",10,2,NA,0,7,70,0,45,0,98,NA,4,3,0,"petition",11,2,NA,0,6,60,20,45,1,66,NA,4,3,0,"petition",12,2,NA,0,10,100,40,45,1,100,NA,4,4,0,"petition",13,2,NA,0,11,110,35,45,1,121,NA,4,4,0,"petition",14,15,NA,0,1,0,1,0,1,1,0,"evidently cooperation would bring us the biggest profit and in the first rounds i wanted to establlish trust by my contributions","Petition (0 cost to you)",1,2,1,5,3,4,4,2,1,1,140,190,120,140,135,80,85,135,105,80,70,65,100,115,79.0441176470588,2,21,26,"Kazakhstan","Woman","Digital Economy","3-4","MSc","3-5 years","Bachelor's degree","In education studying","600",1,7,7,"Regularly"
16,"f6vny8d1",19,0,143,143,"questionnaire","ThankYou","2026-06-09 13:35:28.487907",1,NA,NA,10.89,"roadblock",13,1781013202.63948,"tdmddbpq",NA,NA,NA,NA,0,"activism_pet_first",5,NA,NA,1,NA,0,8,80,10,45,NA,86.4,19,3,NA,NA,"roadblock",1,1,NA,0,8,80,12,45,NA,85.2,NA,3,NA,NA,"roadblock",2,1,NA,0,11,110,16,45,NA,112.8,NA,3,NA,NA,"roadblock",3,1,NA,0,9,90,13,45,NA,90.6,NA,3,NA,NA,"roadblock",4,1,NA,0,4,40,0,45,NA,52.4,NA,3,NA,NA,"roadblock",5,1,NA,0,8,80,2,45,NA,91.2,NA,3,NA,NA,"roadblock",6,1,NA,0,9,90,20,45,NA,86,NA,3,NA,NA,"roadblock",7,1,NA,0,7,70,10,35,1,72.4,NA,3,2,2,"roadblock",8,1,NA,0,7,70,9,35,1,73,NA,3,2,2,"roadblock",9,1,NA,0,6,60,5,35,1,65.4,NA,3,1,1,"roadblock",10,1,NA,0,8,80,10,35,1,78.4,NA,3,1,1,"roadblock",11,1,NA,0,7,70,5,35,1,71.4,NA,3,1,1,"roadblock",12,1,NA,0,7,70,3,35,1,72.6,NA,3,2,2,"roadblock",13,1,NA,0,9,90,5,35,1,91.4,NA,3,2,2,"roadblock",14,16,NA,0,1,0,0,0,0,0,0,NA,"Road blocking (Cost: -10 sec to you; -5 sec to others)",3,4,3,4,4,4,4,3,1,1,41,43,47,34,31,33,40,31,30,26,21,16,14,16,78.6764705882353,2,19,22,"Turkish","Woman","Marketing","1-2","MSc","<1 year","Bachelor's degree","In education studying; Not employed","300-350",5,5,6,"Once"
17,"ek9i2pnl",10,0,143,143,"questionnaire","ThankYou","2026-06-09 13:35:28.505110",1,NA,NA,30,"petition",12,1781013410.76692,"tdmddbpq",NA,NA,NA,NA,0,"activism_pet_first",5,NA,NA,4,NA,0,12,120,55,45,NA,113,10,7,NA,NA,"petition",1,4,NA,0,13,130,30,45,NA,140,NA,7,NA,NA,"petition",2,4,NA,0,12,120,40,45,NA,120,NA,7,NA,NA,"petition",3,4,NA,0,11,110,10,45,NA,156,NA,7,NA,NA,"petition",4,4,NA,0,10,100,30,45,NA,158,NA,7,NA,NA,"petition",5,4,NA,0,11,110,50,45,NA,140,NA,7,NA,NA,"petition",6,4,NA,0,11,110,50,45,NA,92,NA,7,NA,NA,"petition",7,4,NA,0,12,120,100,45,1,148,NA,7,4,0,"petition",8,4,NA,0,12,120,100,45,1,160,NA,7,4,0,"petition",9,4,NA,0,12,120,100,45,1,156,NA,7,4,0,"petition",10,4,NA,0,14,140,100,45,1,192,NA,7,4,0,"petition",11,4,NA,0,14,140,100,45,1,200,NA,7,4,0,"petition",12,4,NA,0,15,150,100,45,1,218,NA,7,4,0,"petition",13,4,NA,0,15,150,100,45,1,106,NA,7,4,0,"petition",14,17,NA,0,1,0,1,0,0,0,0,NA,"Petition (0 cost to you)",1,5,3,5,5,5,5,2,1,1,120,100,100,140,220,200,80,320,350,340,380,400,420,140,78.6764705882353,2,10,20,"Austria","Woman",NA,"1-2","BSc","1-2 years","Secondary school","In education studying","100",5,7,6,"Once"
18,"5f0bpqo8",1,0,143,143,"questionnaire","ThankYou","2026-06-09 13:35:28.738355",1,NA,NA,30,"petition",12,1781013439.61136,"tdmddbpq",NA,NA,NA,NA,0,"activism_pet_first",5,NA,NA,2,NA,0,11,110,0,45,NA,158,1,7,NA,NA,"petition",1,2,NA,0,13,130,0,45,NA,170,NA,7,NA,NA,"petition",2,2,NA,0,13,130,30,45,NA,140,NA,7,NA,NA,"petition",3,2,NA,0,11,110,10,45,NA,156,NA,7,NA,NA,"petition",4,2,NA,0,11,110,40,45,NA,158,NA,7,NA,NA,"petition",5,2,NA,0,10,100,40,45,NA,140,NA,7,NA,NA,"petition",6,2,NA,0,11,110,30,45,NA,112,NA,7,NA,NA,"petition",7,2,NA,0,12,120,20,45,1,228,NA,7,4,0,"petition",8,2,NA,0,11,110,50,45,1,200,NA,7,4,0,"petition",9,2,NA,0,10,100,50,45,1,186,NA,7,4,0,"petition",10,2,NA,0,9,90,90,45,1,152,NA,7,4,0,"petition",11,2,NA,0,12,120,80,45,1,200,NA,7,4,0,"petition",12,2,NA,0,12,120,120,45,1,168,NA,7,4,0,"petition",13,2,NA,0,7,70,0,45,1,126,NA,7,4,0,"petition",14,18,NA,0,0,0,1,0,0,0,0,NA,"None of the above",2,3,4,4,3,3,3,3,1,1,120,100,100,140,220,200,80,320,350,340,380,400,420,140,78.6764705882353,2,1,22,"Japanese","Man","BBA","7-8","BSc","None","Secondary school","Part-time; in education/studying","5000",5,7,6,"Once"
19,"fevonr07",4,0,143,143,"questionnaire","ThankYou","2026-06-09 13:35:28.813705",1,NA,NA,18.75,"petition",9,1781013410.0872,"tdmddbpq",NA,NA,NA,NA,0,"activism_pet_first",5,NA,NA,2,NA,0,12,120,0,45,NA,181.2,4,1,NA,NA,"petition",1,2,NA,0,14,140,0,45,NA,148,NA,1,NA,NA,"petition",2,2,NA,0,12,120,20,45,NA,108,NA,1,NA,NA,"petition",3,2,NA,0,13,130,0,45,NA,130,NA,1,NA,NA,"petition",4,2,NA,0,14,140,0,45,NA,140,NA,1,NA,NA,"petition",5,2,NA,0,13,130,0,45,NA,130,NA,1,NA,NA,"petition",6,2,NA,0,12,120,0,45,NA,120,NA,1,NA,NA,"petition",7,2,NA,0,15,150,30,45,1,186,NA,1,3,0,"petition",8,2,NA,0,13,130,35,45,1,125,NA,1,3,0,"petition",9,2,NA,0,13,130,20,45,1,136,NA,1,3,0,"petition",10,2,NA,0,15,150,30,45,1,148,NA,1,3,0,"petition",11,2,NA,0,15,150,20,45,1,150,NA,1,3,0,"petition",12,2,NA,0,15,150,30,45,1,146,NA,1,3,0,"petition",13,2,NA,0,15,150,0,45,1,158,NA,1,3,0,"petition",14,19,NA,0,0,0,0,0,0,1,0,"I wanted to earn more points through cooperation","None of the above",3,4,2,4,2,3,2,4,1,1,153,20,20,0,0,0,0,165,75,65,70,50,65,20,79.0441176470588,2,4,21,"Austria","Woman","Economics&Law","3-4","BSc","3-5 years","Secondary school","Not employed","400",1,2,2,"No"
20,"re1bvtsn",8,0,143,143,"questionnaire","ThankYou","2026-06-09 13:35:28.829410",1,NA,NA,18.84,"roadblock",13,1781013205.03333,"tdmddbpq",NA,NA,NA,NA,0,"activism_pet_first",5,NA,NA,3,NA,0,12,120,0,45,NA,136.4,8,3,NA,NA,"roadblock",1,3,NA,0,12,120,0,45,NA,137.2,NA,3,NA,NA,"roadblock",2,3,NA,0,13,130,0,45,NA,148.8,NA,3,NA,NA,"roadblock",3,3,NA,0,11,110,0,45,NA,123.6,NA,3,NA,NA,"roadblock",4,3,NA,0,14,140,0,45,NA,152.4,NA,3,NA,NA,"roadblock",5,3,NA,0,12,120,0,45,NA,133.2,NA,3,NA,NA,"roadblock",6,3,NA,0,12,120,0,45,NA,136,NA,3,NA,NA,"roadblock",7,3,NA,0,12,120,0,40,0,132.4,NA,3,2,2,"roadblock",8,3,NA,0,13,130,0,40,0,142,NA,3,2,2,"roadblock",9,3,NA,0,10,100,0,40,0,110.4,NA,3,1,1,"roadblock",10,3,NA,0,13,130,0,40,0,138.4,NA,3,1,1,"roadblock",11,3,NA,0,11,110,0,40,0,116.4,NA,3,1,1,"roadblock",12,3,NA,0,12,120,0,40,0,125.6,NA,3,2,2,"roadblock",13,3,NA,0,12,120,0,40,0,126.4,NA,3,2,2,"roadblock",14,20,NA,0,0,0,0,0,1,0,0,NA,"Petition (0 cost to you)",3,3,2,5,2,4,4,1,1,1,41,43,47,34,31,33,40,31,30,26,21,16,14,16,78.6764705882353,2,8,22,"Ukraine","Woman","Business Administration","7-8","BSc","<1 year","Bachelor's degree","Not employed",NA,3,6,7,"No"
21,"amhitlg7",7,0,143,143,"questionnaire","ThankYou","2026-06-09 13:35:29.127149",1,NA,NA,12.9,"petition",14,1781013407.30761,"tdmddbpq",NA,NA,NA,NA,0,"activism_pet_first",5,NA,NA,4,NA,0,6,60,40,45,NA,76,7,4,NA,NA,"petition",1,4,NA,0,7,70,30,45,NA,116,NA,4,NA,NA,"petition",2,4,NA,0,8,80,40,45,NA,88,NA,4,NA,NA,"petition",3,4,NA,0,8,80,30,45,NA,106,NA,4,NA,NA,"petition",4,4,NA,0,7,70,25,45,NA,99,NA,4,NA,NA,"petition",5,4,NA,0,7,70,30,45,NA,72,NA,4,NA,NA,"petition",6,4,NA,0,6,60,20,45,NA,74,NA,4,NA,NA,"petition",7,4,NA,0,7,70,25,45,1,99,NA,4,4,0,"petition",8,4,NA,0,5,50,20,45,1,72,NA,4,4,0,"petition",9,4,NA,0,6,60,25,45,1,67,NA,4,4,0,"petition",10,4,NA,0,7,70,30,45,1,68,NA,4,3,0,"petition",11,4,NA,0,7,70,20,45,1,76,NA,4,3,0,"petition",12,4,NA,0,7,70,30,45,1,80,NA,4,4,0,"petition",13,4,NA,0,7,70,30,45,1,86,NA,4,4,0,"petition",14,21,NA,0,1,0,1,0,0,1,0,NA,"Petition (0 cost to you)",3,3,3,4,4,3,4,2,1,1,140,190,120,140,135,80,85,135,105,80,70,65,100,115,78.6764705882353,2,7,20,"Hungarian","Woman","WISO","1-2","BSc","<1 year","Secondary school","In education studying","400",2,7,3,"No"
22,"nqzcesvm",11,0,76,143,"activism","EffortTask","2026-06-09 13:35:29.522660",1,NA,NA,0,"roadblock",NA,NA,"tdmddbpq",NA,NA,NA,NA,0,"activism_pet_first",5,NA,NA,2,NA,0,8,80,5,45,NA,141,11,6,NA,NA,"roadblock",1,2,NA,0,6,60,0,45,NA,156,NA,6,NA,NA,"roadblock",2,2,NA,0,6,60,6,45,NA,148.4,NA,6,NA,NA,"roadblock",3,2,NA,0,8,80,5,45,NA,169,NA,6,NA,NA,"roadblock",4,2,NA,0,8,80,3,45,NA,142.2,NA,6,NA,NA,"roadblock",5,2,NA,0,5,50,50,45,NA,78,NA,6,NA,NA,"roadblock",6,2,NA,0,8,80,0,45,NA,112,NA,6,NA,NA,"roadblock",7,2,NA,0,NA,NA,NA,NA,1,NA,NA,6,2,2,"roadblock",8,2,NA,0,NA,NA,NA,NA,NA,NA,NA,6,NA,NA,"roadblock",9,2,NA,0,NA,NA,NA,NA,NA,NA,NA,6,NA,NA,"roadblock",10,2,NA,0,NA,NA,NA,NA,NA,NA,NA,6,NA,NA,"roadblock",11,2,NA,0,NA,NA,NA,NA,NA,NA,NA,6,NA,NA,"roadblock",12,2,NA,0,NA,NA,NA,NA,NA,NA,NA,6,NA,NA,"roadblock",13,2,NA,0,NA,NA,NA,NA,NA,NA,NA,6,NA,NA,"roadblock",14,22,NA,0,NA,NA,NA,NA,NA,NA,NA,NA,NA,NA,NA,NA,NA,NA,NA,NA,NA,1,1,165,240,236,235,163,195,80,NA,NA,NA,NA,NA,NA,NA,50,2,11,28,"Indian","Woman","Media Informatics","5-6","MSc","1-2 years","Bachelor's degree","Part-time","55",6,6,6,"Once"
23,"t5bft775",3,0,58,143,"activism","WaitForResults","2026-06-09 13:35:29.603915",1,NA,NA,0,"demonstration",NA,NA,"tdmddbpq",NA,NA,NA,NA,0,"activism_pet_first",5,NA,NA,2,NA,0,9,90,0,45,NA,118,3,2,NA,NA,"demonstration",1,2,NA,0,9,90,10,45,NA,104,NA,2,NA,NA,"demonstration",2,2,NA,0,8,80,0,45,NA,100,NA,2,NA,NA,"demonstration",3,2,NA,0,8,80,10,45,NA,86,NA,2,NA,NA,"demonstration",4,2,NA,0,8,80,0,45,NA,96,NA,2,NA,NA,"demonstration",5,2,NA,0,5,50,0,45,NA,NA,NA,2,NA,NA,"demonstration",6,2,NA,0,NA,NA,NA,45,NA,NA,NA,2,NA,NA,"demonstration",7,2,NA,0,NA,NA,NA,NA,NA,NA,NA,2,NA,NA,"demonstration",8,2,NA,0,NA,NA,NA,NA,NA,NA,NA,2,NA,NA,"demonstration",9,2,NA,0,NA,NA,NA,NA,NA,NA,NA,2,NA,NA,"demonstration",10,2,NA,0,NA,NA,NA,NA,NA,NA,NA,2,NA,NA,"demonstration",11,2,NA,0,NA,NA,NA,NA,NA,NA,NA,2,NA,NA,"demonstration",12,2,NA,0,NA,NA,NA,NA,NA,NA,NA,2,NA,NA,"demonstration",13,2,NA,0,NA,NA,NA,NA,NA,NA,NA,2,NA,NA,"demonstration",14,23,NA,0,NA,NA,NA,NA,NA,NA,NA,NA,NA,NA,NA,NA,NA,NA,NA,NA,NA,1,1,70,60,50,40,40,NA,NA,NA,NA,NA,NA,NA,NA,NA,46.3235294117647,2,3,20,"Romanian","Man","Economics","3-4","BSc","<1 year","Secondary school","Part-time","600",2,5,9,"Once"
24,"5axkw4ic",12,0,78,143,"activism","WaitForResults","2026-06-09 13:35:30.935436",1,NA,NA,0,"roadblock",NA,NA,"tdmddbpq",NA,NA,NA,NA,0,"activism_pet_first",5,NA,NA,4,NA,0,13,130,20,45,NA,176,12,6,NA,NA,"roadblock",1,4,NA,0,14,140,20,45,NA,216,NA,6,NA,NA,"roadblock",2,4,NA,0,13,130,10,45,NA,214.4,NA,6,NA,NA,"roadblock",3,4,NA,0,13,130,10,45,NA,214,NA,6,NA,NA,"roadblock",4,4,NA,0,11,110,0,45,NA,175.2,NA,6,NA,NA,"roadblock",5,4,NA,0,13,130,10,45,NA,198,NA,6,NA,NA,"roadblock",6,4,NA,0,13,130,10,45,NA,152,NA,6,NA,NA,"roadblock",7,4,NA,0,10,100,10,40,0,NA,NA,6,2,2,"roadblock",8,4,NA,0,NA,NA,NA,NA,NA,NA,NA,6,NA,NA,"roadblock",9,4,NA,0,NA,NA,NA,NA,NA,NA,NA,6,NA,NA,"roadblock",10,4,NA,0,NA,NA,NA,NA,NA,NA,NA,6,NA,NA,"roadblock",11,4,NA,0,NA,NA,NA,NA,NA,NA,NA,6,NA,NA,"roadblock",12,4,NA,0,NA,NA,NA,NA,NA,NA,NA,6,NA,NA,"roadblock",13,4,NA,0,NA,NA,NA,NA,NA,NA,NA,6,NA,NA,"roadblock",14,24,NA,0,NA,NA,NA,NA,NA,NA,NA,NA,NA,NA,NA,NA,NA,NA,NA,NA,NA,1,1,165,240,236,235,163,195,80,NA,NA,NA,NA,NA,NA,NA,51.4705882352941,2,12,19,"German","Woman","WISO","1-2","BSc","<1 year","Secondary school","Part-time; in education/studying","500",6,4,3,"Once"
25,"83aftgm4",5,0,143,143,"questionnaire","ThankYou","2026-06-09 13:35:32.213501",1,NA,NA,12.84,"roadblock",13,1781013230.4214,"tdmddbpq",NA,NA,NA,NA,0,"activism_pet_first",5,NA,NA,4,NA,0,13,130,30,45,NA,116.4,5,3,NA,NA,"roadblock",1,4,NA,0,14,140,30,45,NA,127.2,NA,3,NA,NA,"roadblock",2,4,NA,0,15,150,30,45,NA,138.8,NA,3,NA,NA,"roadblock",3,4,NA,0,10,100,20,45,NA,93.6,NA,3,NA,NA,"roadblock",4,4,NA,0,13,130,30,45,NA,112.4,NA,3,NA,NA,"roadblock",5,4,NA,0,15,150,30,45,NA,133.2,NA,3,NA,NA,"roadblock",6,4,NA,0,12,120,20,45,NA,116,NA,3,NA,NA,"roadblock",7,4,NA,0,10,100,20,35,1,92.4,NA,3,2,2,"roadblock",8,4,NA,0,10,100,20,35,1,92,NA,3,2,2,"roadblock",9,4,NA,0,12,120,20,40,0,110.4,NA,3,1,1,"roadblock",10,4,NA,0,11,110,10,40,0,108.4,NA,3,1,1,"roadblock",11,4,NA,0,11,110,10,40,0,106.4,NA,3,1,1,"roadblock",12,4,NA,0,9,90,10,35,1,85.6,NA,3,2,2,"roadblock",13,4,NA,0,11,110,10,35,1,106.4,NA,3,2,2,"roadblock",14,25,NA,0,1,0,1,0,0,0,0,NA,"Road blocking (Cost: -10 sec to you; -5 sec to others)",4,3,2,4,4,4,4,2,1,1,41,43,47,34,31,33,40,31,30,26,21,16,14,16,78.6764705882353,2,5,24,"Turkish","Woman","Antropology","1-2","MSc","<1 year","Bachelor's degree","In education studying","400",1,7,5,"Regularly"
26,"mdfk29n4",2,0,143,143,"questionnaire","ThankYou","2026-06-09 13:35:32.470335",1,NA,NA,8.1,"demonstration",9,1781013254.9724,"tdmddbpq",NA,NA,NA,NA,0,"activism_pet_first",5,NA,NA,3,NA,0,9,90,0,45,NA,116,2,5,NA,NA,"demonstration",1,3,NA,0,13,130,0,45,NA,158,NA,5,NA,NA,"demonstration",2,3,NA,0,9,90,10,45,NA,106,NA,5,NA,NA,"demonstration",3,3,NA,0,12,120,0,45,NA,140,NA,5,NA,NA,"demonstration",4,3,NA,0,11,110,0,45,NA,124,NA,5,NA,NA,"demonstration",5,3,NA,0,10,100,0,45,NA,114,NA,5,NA,NA,"demonstration",6,3,NA,0,11,110,0,45,NA,116,NA,5,NA,NA,"demonstration",7,3,NA,0,8,80,80,35,1,48,NA,5,3,0,"demonstration",8,3,NA,0,10,100,100,35,1,54,NA,5,3,0,"demonstration",9,3,NA,0,11,110,0,45,0,122,NA,5,2,0,"demonstration",10,3,NA,0,13,130,0,45,0,130,NA,5,0,0,"demonstration",11,3,NA,0,13,130,0,45,0,130,NA,5,0,0,"demonstration",12,3,NA,0,11,110,0,45,0,110,NA,5,0,0,"demonstration",13,3,NA,0,14,140,0,45,0,140,NA,5,1,0,"demonstration",14,26,NA,0,1,0,0,0,0,0,0,NA,"Petition (0 cost to you)",4,1,2,2,1,3,2,5,1,1,65,70,65,50,35,35,15,120,135,30,0,0,0,0,78.6764705882353,2,2,29,"Austria","Man",NA,"5-6","BSc",">5 years","Bachelor's degree","In education studying","1500-2500",10,3,10,"No"
27,"bygi6pv2",15,0,143,143,"questionnaire","ThankYou","2026-06-09 13:35:32.720779",1,NA,NA,26.1,"demonstration",9,1781013238.73499,"tdmddbpq",NA,NA,NA,NA,0,"activism_pet_first",5,NA,NA,1,NA,0,9,90,0,45,NA,116,15,5,NA,NA,"demonstration",1,1,NA,0,13,130,0,45,NA,158,NA,5,NA,NA,"demonstration",2,1,NA,0,13,130,0,45,NA,156,NA,5,NA,NA,"demonstration",3,1,NA,0,11,110,0,45,NA,130,NA,5,NA,NA,"demonstration",4,1,NA,0,11,110,0,45,NA,124,NA,5,NA,NA,"demonstration",5,1,NA,0,11,110,0,45,NA,124,NA,5,NA,NA,"demonstration",6,1,NA,0,12,120,0,45,NA,126,NA,5,NA,NA,"demonstration",7,1,NA,0,12,120,0,45,0,168,NA,5,3,0,"demonstration",8,1,NA,0,12,120,0,45,0,174,NA,5,3,0,"demonstration",9,1,NA,0,13,130,0,45,0,142,NA,5,2,0,"demonstration",10,1,NA,0,13,130,0,45,0,130,NA,5,0,0,"demonstration",11,1,NA,0,14,140,0,45,0,140,NA,5,0,0,"demonstration",12,1,NA,0,13,130,0,45,0,130,NA,5,0,0,"demonstration",13,1,NA,0,15,150,0,45,0,150,NA,5,1,0,"demonstration",14,27,NA,0,0,0,0,0,1,0,0,NA,"Petition (0 cost to you)",5,1,1,1,1,1,1,1,1,1,65,70,65,50,35,35,15,120,135,30,0,0,0,0,78.6764705882353,2,15,23,"Österreich","Man","Rechnungswesen","5-6","MSc","3-5 years","Bachelor's degree","In education studying","3000",10,1,9,"No"
28,"r3xrntnr",20,0,143,143,"questionnaire","ThankYou","2026-06-09 13:35:38.867208",1,NA,NA,21.9,"petition",14,1781013374.86795,"tdmddbpq",NA,NA,NA,NA,0,"activism_pet_first",5,NA,NA,1,NA,0,9,90,20,45,NA,126,20,4,NA,NA,"petition",1,1,NA,0,11,110,30,45,NA,156,NA,4,NA,NA,"petition",2,1,NA,0,8,80,15,45,NA,113,NA,4,NA,NA,"petition",3,1,NA,0,11,110,20,45,NA,146,NA,4,NA,NA,"petition",4,1,NA,0,11,110,20,45,NA,144,NA,4,NA,NA,"petition",5,1,NA,0,8,80,0,45,NA,112,NA,4,NA,NA,"petition",6,1,NA,0,10,100,10,45,NA,124,NA,4,NA,NA,"petition",7,1,NA,0,10,100,20,45,1,134,NA,4,4,0,"petition",8,1,NA,0,9,90,10,45,1,122,NA,4,4,0,"petition",9,1,NA,0,10,100,20,45,1,112,NA,4,4,0,"petition",10,1,NA,0,12,120,20,45,1,128,NA,4,3,0,"petition",11,1,NA,0,11,110,10,45,0,126,NA,4,3,0,"petition",12,1,NA,0,12,120,20,45,1,140,NA,4,4,0,"petition",13,1,NA,0,13,130,30,45,1,146,NA,4,4,0,"petition",14,28,NA,0,1,0,0,0,1,0,0,NA,"Petition (0 cost to you)",1,3,2,5,5,2,3,1,1,1,140,190,120,140,135,80,85,135,105,80,70,65,100,115,78.6764705882353,2,20,22,"Austria","Man","Business Administration","5-6","BSc","<1 year","Bachelor's degree","In education studying","200",4,5,3,"No"
