session_code,participant_id_in_session,participant_code,page_index,app_name,page_name,epoch_time_completed,round_number,timeout_happened,is_wait_page
ahosr93r,1,7m52afu6,0,,InitializeParticipant,1780994699,1,0,0
ahosr93r,2,espz8kdk,0,,InitializeParticipant,1780994699,1,0,0
ahosr93r,3,i3q8rdlg,0,,InitializeParticipant,1780994699,1,0,0
ahosr93r,4,9varpwsl,0,,InitializeParticipant,1780994699,1,0,0
ahosr93r,5,comjjap2,0,,InitializeParticipant,1780994699,1,0,0
ahosr93r,6,grzk7t4j,0,,InitializeParticipant,1780994699,1,0,0
ahosr93r,7,2a57mkrx,0,,InitializeParticipant,1780994699,1,0,0
ahosr93r,8,8gd3793t,0,,InitializeParticipant,1780994700,1,0,0
ahosr93r,9,pj0tky4n,0,,InitializeParticipant,1780994700,1,0,0
ahosr93r,10,hapbqcq1,0,,InitializeParticipant,1780994700,1,0,0
ahosr93r,11,usmgmves,0,,InitializeParticipant,1780994700,1,0,0
ahosr93r,12,sp2jqls4,0,,InitializeParticipant,1780994700,1,0,0
ahosr93r,13,ozjziflj,0,,InitializeParticipant,1780994700,1,0,0
ahosr93r,14,nnn3u3ee,0,,InitializeParticipant,1780994700,1,0,0
ahosr93r,15,kzsxshpe,0,,InitializeParticipant,1780994700,1,0,0
ahosr93r,16,1os08k1l,0,,InitializeParticipant,1780994700,1,0,0
ahosr93r,17,zu7f4eup,0,,InitializeParticipant,1780994700,1,0,0
ahosr93r,18,vw2fpivq,0,,InitializeParticipant,1780994701,1,0,0
ahosr93r,19,9mcj0ohn,0,,InitializeParticipant,1780994701,1,0,0
ahosr93r,20,ykenmho2,0,,InitializeParticipant,1780994701,1,0,0
ahosr93r,21,ju6xezrw,0,,InitializeParticipant,1780994701,1,0,0
ahosr93r,1,7m52afu6,1,activism,SeatNumber,1780994702,1,0,0
ahosr93r,22,odojvl0k,0,,InitializeParticipant,1780994702,1,0,0
ahosr93r,4,9varpwsl,1,activism,SeatNumber,1780994702,1,0,0
ahosr93r,23,lbjc7cyh,0,,InitializeParticipant,1780994702,1,0,0
ahosr93r,5,comjjap2,1,activism,SeatNumber,1780994703,1,0,0
ahosr93r,24,iircdrz3,0,,InitializeParticipant,1780994703,1,0,0
ahosr93r,19,9mcj0ohn,1,activism,SeatNumber,1780994703,1,0,0
ahosr93r,25,1yv42yer,0,,InitializeParticipant,1780994703,1,0,0
ahosr93r,9,pj0tky4n,1,activism,SeatNumber,1780994703,1,0,0
ahosr93r,26,zy9e5vmk,0,,InitializeParticipant,1780994703,1,0,0
ahosr93r,8,8gd3793t,1,activism,SeatNumber,1780994703,1,0,0
ahosr93r,6,grzk7t4j,1,activism,SeatNumber,1780994703,1,0,0
ahosr93r,27,wlo53l7c,0,,InitializeParticipant,1780994703,1,0,0
ahosr93r,3,i3q8rdlg,1,activism,SeatNumber,1780994703,1,0,0
ahosr93r,2,espz8kdk,1,activism,SeatNumber,1780994704,1,0,0
ahosr93r,10,hapbqcq1,1,activism,SeatNumber,1780994704,1,0,0
ahosr93r,7,2a57mkrx,1,activism,SeatNumber,1780994704,1,0,0
ahosr93r,11,usmgmves,1,activism,SeatNumber,1780994704,1,0,0
ahosr93r,20,ykenmho2,1,activism,SeatNumber,1780994704,1,0,0
ahosr93r,16,1os08k1l,1,activism,SeatNumber,1780994704,1,0,0
ahosr93r,4,9varpwsl,2,activism,WaitForSeats,1780994704,1,0,1
ahosr93r,6,grzk7t4j,2,activism,WaitForSeats,1780994704,1,0,1
ahosr93r,2,espz8kdk,2,activism,WaitForSeats,1780994704,1,0,1
ahosr93r,16,1os08k1l,2,activism,WaitForSeats,1780994704,1,0,1
ahosr93r,17,zu7f4eup,1,activism,SeatNumber,1780994705,1,0,0
ahosr93r,13,ozjziflj,1,activism,SeatNumber,1780994705,1,0,0
ahosr93r,14,nnn3u3ee,1,activism,SeatNumber,1780994705,1,0,0
ahosr93r,21,ju6xezrw,1,activism,SeatNumber,1780994705,1,0,0
ahosr93r,12,sp2jqls4,1,activism,SeatNumber,1780994706,1,0,0
ahosr93r,23,lbjc7cyh,1,activism,SeatNumber,1780994706,1,0,0
ahosr93r,26,zy9e5vmk,1,activism,SeatNumber,1780994706,1,0,0
ahosr93r,20,ykenmho2,2,activism,WaitForSeats,1780994706,1,0,1
ahosr93r,23,lbjc7cyh,2,activism,WaitForSeats,1780994706,1,0,1
ahosr93r,26,zy9e5vmk,2,activism,WaitForSeats,1780994706,1,0,1
ahosr93r,1,7m52afu6,2,activism,WaitForSeats,1780994706,1,0,1
ahosr93r,22,odojvl0k,1,activism,SeatNumber,1780994707,1,0,0
ahosr93r,19,9mcj0ohn,2,activism,WaitForSeats,1780994707,1,0,1
ahosr93r,22,odojvl0k,2,activism,WaitForSeats,1780994707,1,0,1
ahosr93r,11,usmgmves,2,activism,WaitForSeats,1780994707,1,0,1
ahosr93r,17,zu7f4eup,2,activism,WaitForSeats,1780994707,1,0,1
ahosr93r,24,iircdrz3,1,activism,SeatNumber,1780994707,1,0,0
ahosr93r,21,ju6xezrw,2,activism,WaitForSeats,1780994707,1,0,1
ahosr93r,7,2a57mkrx,2,activism,WaitForSeats,1780994707,1,0,1
ahosr93r,24,iircdrz3,2,activism,WaitForSeats,1780994707,1,0,1
ahosr93r,10,hapbqcq1,2,activism,WaitForSeats,1780994707,1,0,1
ahosr93r,27,wlo53l7c,1,activism,SeatNumber,1780994709,1,0,0
ahosr93r,27,wlo53l7c,2,activism,WaitForSeats,1780994709,1,0,1
ahosr93r,5,comjjap2,2,activism,WaitForSeats,1780994709,1,0,1
ahosr93r,9,pj0tky4n,2,activism,WaitForSeats,1780994709,1,0,1
ahosr93r,12,sp2jqls4,2,activism,WaitForSeats,1780994709,1,0,1
ahosr93r,25,1yv42yer,1,activism,SeatNumber,1780994710,1,0,0
ahosr93r,28,a3llmru2,0,,InitializeParticipant,1780994712,1,0,0
ahosr93r,15,kzsxshpe,1,activism,SeatNumber,1780994713,1,0,0
ahosr93r,28,a3llmru2,1,activism,SeatNumber,1780994715,1,0,0
ahosr93r,28,a3llmru2,2,activism,WaitForSeats,1780994715,1,0,1
ahosr93r,8,8gd3793t,2,activism,WaitForSeats,1780994715,1,0,1
ahosr93r,14,nnn3u3ee,2,activism,WaitForSeats,1780994715,1,0,1
ahosr93r,25,1yv42yer,2,activism,WaitForSeats,1780994715,1,0,1
ahosr93r,18,vw2fpivq,1,activism,SeatNumber,1780994716,1,0,0
ahosr93r,18,vw2fpivq,2,activism,WaitForSeats,1780994716,1,0,1
ahosr93r,3,i3q8rdlg,2,activism,WaitForSeats,1780994716,1,0,1
ahosr93r,13,ozjziflj,2,activism,WaitForSeats,1780994716,1,0,1
ahosr93r,15,kzsxshpe,2,activism,WaitForSeats,1780994716,1,0,1
ahosr93r,16,1os08k1l,6,activism,EffortTask,1780994750,1,1,0
ahosr93r,6,grzk7t4j,6,activism,EffortTask,1780994750,1,1,0
ahosr93r,4,9varpwsl,6,activism,EffortTask,1780994750,1,1,0
ahosr93r,2,espz8kdk,6,activism,EffortTask,1780994750,1,1,0
ahosr93r,26,zy9e5vmk,6,activism,EffortTask,1780994752,1,1,0
ahosr93r,20,ykenmho2,6,activism,EffortTask,1780994752,1,1,0
ahosr93r,1,7m52afu6,6,activism,EffortTask,1780994752,1,1,0
ahosr93r,23,lbjc7cyh,6,activism,EffortTask,1780994752,1,1,0
ahosr93r,22,odojvl0k,6,activism,EffortTask,1780994752,1,1,0
ahosr93r,19,9mcj0ohn,6,activism,EffortTask,1780994752,1,1,0
ahosr93r,11,usmgmves,6,activism,EffortTask,1780994752,1,1,0
ahosr93r,17,zu7f4eup,6,activism,EffortTask,1780994752,1,1,0
ahosr93r,24,iircdrz3,6,activism,EffortTask,1780994753,1,1,0
ahosr93r,10,hapbqcq1,6,activism,EffortTask,1780994753,1,1,0
ahosr93r,7,2a57mkrx,6,activism,EffortTask,1780994753,1,1,0
ahosr93r,21,ju6xezrw,6,activism,EffortTask,1780994753,1,1,0
ahosr93r,9,pj0tky4n,6,activism,EffortTask,1780994755,1,1,0
ahosr93r,27,wlo53l7c,6,activism,EffortTask,1780994755,1,1,0
ahosr93r,5,comjjap2,6,activism,EffortTask,1780994755,1,1,0
ahosr93r,12,sp2jqls4,6,activism,EffortTask,1780994755,1,1,0
ahosr93r,16,1os08k1l,7,activism,Contribute,1780994758,1,0,0
ahosr93r,2,espz8kdk,7,activism,Contribute,1780994759,1,0,0
ahosr93r,6,grzk7t4j,7,activism,Contribute,1780994759,1,0,0
ahosr93r,19,9mcj0ohn,7,activism,Contribute,1780994760,1,0,0
ahosr93r,4,9varpwsl,7,activism,Contribute,1780994760,1,0,0
ahosr93r,4,9varpwsl,8,activism,WaitForResults,1780994760,1,0,1
ahosr93r,2,espz8kdk,8,activism,WaitForResults,1780994760,1,0,1
ahosr93r,6,grzk7t4j,8,activism,WaitForResults,1780994760,1,0,1
ahosr93r,16,1os08k1l,8,activism,WaitForResults,1780994760,1,0,1
ahosr93r,28,a3llmru2,6,activism,EffortTask,1780994761,1,1,0
ahosr93r,14,nnn3u3ee,6,activism,EffortTask,1780994761,1,1,0
ahosr93r,25,1yv42yer,6,activism,EffortTask,1780994761,1,1,0
ahosr93r,8,8gd3793t,6,activism,EffortTask,1780994761,1,1,0
ahosr93r,24,iircdrz3,7,activism,Contribute,1780994761,1,0,0
ahosr93r,18,vw2fpivq,6,activism,EffortTask,1780994762,1,1,0
ahosr93r,15,kzsxshpe,6,activism,EffortTask,1780994762,1,1,0
ahosr93r,3,i3q8rdlg,6,activism,EffortTask,1780994762,1,1,0
ahosr93r,13,ozjziflj,6,activism,EffortTask,1780994762,1,1,0
ahosr93r,1,7m52afu6,7,activism,Contribute,1780994762,1,0,0
ahosr93r,12,sp2jqls4,7,activism,Contribute,1780994763,1,0,0
ahosr93r,21,ju6xezrw,7,activism,Contribute,1780994764,1,0,0
ahosr93r,20,ykenmho2,7,activism,Contribute,1780994764,1,0,0
ahosr93r,22,odojvl0k,7,activism,Contribute,1780994764,1,0,0
ahosr93r,5,comjjap2,7,activism,Contribute,1780994764,1,0,0
ahosr93r,11,usmgmves,7,activism,Contribute,1780994765,1,0,0
ahosr93r,23,lbjc7cyh,7,activism,Contribute,1780994766,1,0,0
ahosr93r,9,pj0tky4n,7,activism,Contribute,1780994766,1,0,0
ahosr93r,17,zu7f4eup,7,activism,Contribute,1780994767,1,0,0
ahosr93r,17,zu7f4eup,8,activism,WaitForResults,1780994767,1,0,1
ahosr93r,11,usmgmves,8,activism,WaitForResults,1780994767,1,0,1
ahosr93r,19,9mcj0ohn,8,activism,WaitForResults,1780994767,1,0,1
ahosr93r,22,odojvl0k,8,activism,WaitForResults,1780994767,1,0,1
ahosr93r,10,hapbqcq1,7,activism,Contribute,1780994767,1,0,0
ahosr93r,6,grzk7t4j,9,activism,RoundResults,1780994767,1,0,0
ahosr93r,7,2a57mkrx,7,activism,Contribute,1780994768,1,0,0
ahosr93r,7,2a57mkrx,8,activism,WaitForResults,1780994768,1,0,1
ahosr93r,10,hapbqcq1,8,activism,WaitForResults,1780994768,1,0,1
ahosr93r,21,ju6xezrw,8,activism,WaitForResults,1780994768,1,0,1
ahosr93r,24,iircdrz3,8,activism,WaitForResults,1780994768,1,0,1
ahosr93r,27,wlo53l7c,7,activism,Contribute,1780994768,1,0,0
ahosr93r,5,comjjap2,8,activism,WaitForResults,1780994768,1,0,1
ahosr93r,9,pj0tky4n,8,activism,WaitForResults,1780994768,1,0,1
ahosr93r,12,sp2jqls4,8,activism,WaitForResults,1780994768,1,0,1
ahosr93r,27,wlo53l7c,8,activism,WaitForResults,1780994768,1,0,1
ahosr93r,4,9varpwsl,9,activism,RoundResults,1780994769,1,0,0
ahosr93r,16,1os08k1l,9,activism,RoundResults,1780994771,1,0,0
ahosr93r,2,espz8kdk,9,activism,RoundResults,1780994772,1,0,0
ahosr93r,26,zy9e5vmk,7,activism,Contribute,1780994772,1,0,0
ahosr93r,1,7m52afu6,8,activism,WaitForResults,1780994772,1,0,1
ahosr93r,23,lbjc7cyh,8,activism,WaitForResults,1780994772,1,0,1
ahosr93r,26,zy9e5vmk,8,activism,WaitForResults,1780994772,1,0,1
ahosr93r,20,ykenmho2,8,activism,WaitForResults,1780994772,1,0,1
ahosr93r,8,8gd3793t,7,activism,Contribute,1780994773,1,0,0
ahosr93r,24,iircdrz3,9,activism,RoundResults,1780994774,1,0,0
ahosr93r,9,pj0tky4n,9,activism,RoundResults,1780994775,1,0,0
ahosr93r,22,odojvl0k,9,activism,RoundResults,1780994775,1,0,0
ahosr93r,5,comjjap2,9,activism,RoundResults,1780994775,1,0,0
ahosr93r,17,zu7f4eup,9,activism,RoundResults,1780994776,1,0,0
ahosr93r,14,nnn3u3ee,7,activism,Contribute,1780994776,1,0,0
ahosr93r,11,usmgmves,9,activism,RoundResults,1780994777,1,0,0
ahosr93r,23,lbjc7cyh,9,activism,RoundResults,1780994777,1,0,0
ahosr93r,10,hapbqcq1,9,activism,RoundResults,1780994778,1,0,0
ahosr93r,7,2a57mkrx,9,activism,RoundResults,1780994779,1,0,0
ahosr93r,25,1yv42yer,7,activism,Contribute,1780994779,1,0,0
ahosr93r,3,i3q8rdlg,7,activism,Contribute,1780994780,1,0,0
ahosr93r,12,sp2jqls4,9,activism,RoundResults,1780994780,1,0,0
ahosr93r,26,zy9e5vmk,9,activism,RoundResults,1780994781,1,0,0
ahosr93r,19,9mcj0ohn,9,activism,RoundResults,1780994782,1,0,0
ahosr93r,1,7m52afu6,9,activism,RoundResults,1780994782,1,0,0
ahosr93r,13,ozjziflj,7,activism,Contribute,1780994782,1,0,0
ahosr93r,20,ykenmho2,9,activism,RoundResults,1780994783,1,0,0
ahosr93r,15,kzsxshpe,7,activism,Contribute,1780994785,1,0,0
ahosr93r,28,a3llmru2,7,activism,Contribute,1780994787,1,0,0
ahosr93r,8,8gd3793t,8,activism,WaitForResults,1780994787,1,0,1
ahosr93r,28,a3llmru2,8,activism,WaitForResults,1780994787,1,0,1
ahosr93r,14,nnn3u3ee,8,activism,WaitForResults,1780994787,1,0,1
ahosr93r,25,1yv42yer,8,activism,WaitForResults,1780994787,1,0,1
ahosr93r,27,wlo53l7c,9,activism,RoundResults,1780994790,1,0,0
ahosr93r,8,8gd3793t,9,activism,RoundResults,1780994790,1,0,0
ahosr93r,21,ju6xezrw,9,activism,RoundResults,1780994791,1,0,0
ahosr93r,14,nnn3u3ee,9,activism,RoundResults,1780994793,1,0,0
ahosr93r,25,1yv42yer,9,activism,RoundResults,1780994795,1,0,0
ahosr93r,28,a3llmru2,9,activism,RoundResults,1780994797,1,0,0
ahosr93r,18,vw2fpivq,7,activism,Contribute,1780994798,1,0,0
ahosr93r,3,i3q8rdlg,8,activism,WaitForResults,1780994798,1,0,1
ahosr93r,18,vw2fpivq,8,activism,WaitForResults,1780994798,1,0,1
ahosr93r,13,ozjziflj,8,activism,WaitForResults,1780994798,1,0,1
ahosr93r,15,kzsxshpe,8,activism,WaitForResults,1780994798,1,0,1
ahosr93r,18,vw2fpivq,9,activism,RoundResults,1780994801,1,0,0
ahosr93r,15,kzsxshpe,9,activism,RoundResults,1780994803,1,0,0
ahosr93r,6,grzk7t4j,16,activism,EffortTask,1780994813,2,1,0
ahosr93r,4,9varpwsl,16,activism,EffortTask,1780994814,2,1,0
ahosr93r,16,1os08k1l,16,activism,EffortTask,1780994816,2,1,0
ahosr93r,13,ozjziflj,9,activism,RoundResults,1780994817,1,0,0
ahosr93r,2,espz8kdk,16,activism,EffortTask,1780994817,2,1,0
ahosr93r,6,grzk7t4j,17,activism,Contribute,1780994819,2,0,0
ahosr93r,24,iircdrz3,16,activism,EffortTask,1780994819,2,1,0
ahosr93r,9,pj0tky4n,16,activism,EffortTask,1780994820,2,1,0
ahosr93r,22,odojvl0k,16,activism,EffortTask,1780994820,2,1,0
ahosr93r,5,comjjap2,16,activism,EffortTask,1780994820,2,1,0
ahosr93r,16,1os08k1l,17,activism,Contribute,1780994821,2,0,0
ahosr93r,3,i3q8rdlg,9,activism,RoundResults,1780994821,1,0,0
ahosr93r,17,zu7f4eup,16,activism,EffortTask,1780994822,2,1,0
ahosr93r,4,9varpwsl,17,activism,Contribute,1780994822,2,0,0
ahosr93r,11,usmgmves,16,activism,EffortTask,1780994822,2,1,0
ahosr93r,23,lbjc7cyh,16,activism,EffortTask,1780994822,2,1,0
ahosr93r,10,hapbqcq1,16,activism,EffortTask,1780994823,2,1,0
ahosr93r,24,iircdrz3,17,activism,Contribute,1780994823,2,0,0
ahosr93r,7,2a57mkrx,16,activism,EffortTask,1780994824,2,1,0
ahosr93r,12,sp2jqls4,16,activism,EffortTask,1780994825,2,1,0
ahosr93r,2,espz8kdk,17,activism,Contribute,1780994825,2,0,0
ahosr93r,2,espz8kdk,18,activism,WaitForResults,1780994825,2,0,1
ahosr93r,6,grzk7t4j,18,activism,WaitForResults,1780994825,2,0,1
ahosr93r,16,1os08k1l,18,activism,WaitForResults,1780994825,2,0,1
ahosr93r,4,9varpwsl,18,activism,WaitForResults,1780994825,2,0,1
ahosr93r,26,zy9e5vmk,16,activism,EffortTask,1780994826,2,1,0
ahosr93r,5,comjjap2,17,activism,Contribute,1780994827,2,0,0
ahosr93r,9,pj0tky4n,17,activism,Contribute,1780994827,2,0,0
ahosr93r,19,9mcj0ohn,16,activism,EffortTask,1780994827,2,1,0
ahosr93r,1,7m52afu6,16,activism,EffortTask,1780994827,2,1,0
ahosr93r,23,lbjc7cyh,17,activism,Contribute,1780994828,2,0,0
ahosr93r,11,usmgmves,17,activism,Contribute,1780994828,2,0,0
ahosr93r,20,ykenmho2,16,activism,EffortTask,1780994829,2,1,0
ahosr93r,26,zy9e5vmk,17,activism,Contribute,1780994830,2,0,0
ahosr93r,22,odojvl0k,17,activism,Contribute,1780994830,2,0,0
ahosr93r,12,sp2jqls4,17,activism,Contribute,1780994831,2,0,0
ahosr93r,2,espz8kdk,19,activism,RoundResults,1780994831,2,0,0
ahosr93r,4,9varpwsl,19,activism,RoundResults,1780994832,2,0,0
ahosr93r,16,1os08k1l,19,activism,RoundResults,1780994832,2,0,0
ahosr93r,7,2a57mkrx,17,activism,Contribute,1780994833,2,0,0
ahosr93r,1,7m52afu6,17,activism,Contribute,1780994834,2,0,0
ahosr93r,27,wlo53l7c,16,activism,EffortTask,1780994835,2,1,0
ahosr93r,20,ykenmho2,17,activism,Contribute,1780994835,2,0,0
ahosr93r,1,7m52afu6,18,activism,WaitForResults,1780994835,2,0,1
ahosr93r,20,ykenmho2,18,activism,WaitForResults,1780994835,2,0,1
ahosr93r,23,lbjc7cyh,18,activism,WaitForResults,1780994835,2,0,1
ahosr93r,26,zy9e5vmk,18,activism,WaitForResults,1780994835,2,0,1
ahosr93r,8,8gd3793t,16,activism,EffortTask,1780994835,2,1,0
ahosr93r,6,grzk7t4j,19,activism,RoundResults,1780994835,2,0,0
ahosr93r,21,ju6xezrw,16,activism,EffortTask,1780994836,2,1,0
ahosr93r,23,lbjc7cyh,19,activism,RoundResults,1780994838,2,0,0
ahosr93r,14,nnn3u3ee,16,activism,EffortTask,1780994838,2,1,0
ahosr93r,19,9mcj0ohn,17,activism,Contribute,1780994839,2,0,0
ahosr93r,20,ykenmho2,19,activism,RoundResults,1780994840,2,0,0
ahosr93r,1,7m52afu6,19,activism,RoundResults,1780994840,2,0,0
ahosr93r,25,1yv42yer,16,activism,EffortTask,1780994840,2,1,0
ahosr93r,10,hapbqcq1,17,activism,Contribute,1780994841,2,0,0
ahosr93r,26,zy9e5vmk,19,activism,RoundResults,1780994842,2,0,0
ahosr93r,28,a3llmru2,16,activism,EffortTask,1780994842,2,1,0
ahosr93r,17,zu7f4eup,17,activism,Contribute,1780994844,2,0,0
ahosr93r,11,usmgmves,18,activism,WaitForResults,1780994844,2,0,1
ahosr93r,17,zu7f4eup,18,activism,WaitForResults,1780994844,2,0,1
ahosr93r,19,9mcj0ohn,18,activism,WaitForResults,1780994844,2,0,1
ahosr93r,22,odojvl0k,18,activism,WaitForResults,1780994844,2,0,1
ahosr93r,8,8gd3793t,17,activism,Contribute,1780994844,2,0,0
ahosr93r,27,wlo53l7c,17,activism,Contribute,1780994845,2,0,0
ahosr93r,5,comjjap2,18,activism,WaitForResults,1780994845,2,0,1
ahosr93r,9,pj0tky4n,18,activism,WaitForResults,1780994845,2,0,1
ahosr93r,12,sp2jqls4,18,activism,WaitForResults,1780994845,2,0,1
ahosr93r,27,wlo53l7c,18,activism,WaitForResults,1780994845,2,0,1
ahosr93r,25,1yv42yer,17,activism,Contribute,1780994845,2,0,0
ahosr93r,21,ju6xezrw,17,activism,Contribute,1780994846,2,0,0
ahosr93r,7,2a57mkrx,18,activism,WaitForResults,1780994846,2,0,1
ahosr93r,10,hapbqcq1,18,activism,WaitForResults,1780994846,2,0,1
ahosr93r,21,ju6xezrw,18,activism,WaitForResults,1780994846,2,0,1
ahosr93r,24,iircdrz3,18,activism,WaitForResults,1780994846,2,0,1
ahosr93r,18,vw2fpivq,16,activism,EffortTask,1780994846,2,1,0
ahosr93r,11,usmgmves,19,activism,RoundResults,1780994848,2,0,0
ahosr93r,14,nnn3u3ee,17,activism,Contribute,1780994848,2,0,0
ahosr93r,15,kzsxshpe,16,activism,EffortTask,1780994849,2,1,0
ahosr93r,5,comjjap2,19,activism,RoundResults,1780994850,2,0,0
ahosr93r,17,zu7f4eup,19,activism,RoundResults,1780994851,2,0,0
ahosr93r,18,vw2fpivq,17,activism,Contribute,1780994852,2,0,0
ahosr93r,9,pj0tky4n,19,activism,RoundResults,1780994852,2,0,0
ahosr93r,22,odojvl0k,19,activism,RoundResults,1780994852,2,0,0
ahosr93r,24,iircdrz3,19,activism,RoundResults,1780994854,2,0,0
ahosr93r,10,hapbqcq1,19,activism,RoundResults,1780994855,2,0,0
ahosr93r,7,2a57mkrx,19,activism,RoundResults,1780994856,2,0,0
ahosr93r,12,sp2jqls4,19,activism,RoundResults,1780994857,2,0,0
ahosr93r,27,wlo53l7c,19,activism,RoundResults,1780994861,2,0,0
ahosr93r,28,a3llmru2,17,activism,Contribute,1780994861,2,0,0
ahosr93r,8,8gd3793t,18,activism,WaitForResults,1780994861,2,0,1
ahosr93r,14,nnn3u3ee,18,activism,WaitForResults,1780994861,2,0,1
ahosr93r,25,1yv42yer,18,activism,WaitForResults,1780994861,2,0,1
ahosr93r,28,a3llmru2,18,activism,WaitForResults,1780994861,2,0,1
ahosr93r,19,9mcj0ohn,19,activism,RoundResults,1780994861,2,0,0
ahosr93r,13,ozjziflj,16,activism,EffortTask,1780994862,2,1,0
ahosr93r,15,kzsxshpe,17,activism,Contribute,1780994863,2,0,0
ahosr93r,8,8gd3793t,19,activism,RoundResults,1780994863,2,0,0
ahosr93r,21,ju6xezrw,19,activism,RoundResults,1780994863,2,0,0
ahosr93r,3,i3q8rdlg,16,activism,EffortTask,1780994866,2,1,0
ahosr93r,25,1yv42yer,19,activism,RoundResults,1780994867,2,0,0
ahosr93r,14,nnn3u3ee,19,activism,RoundResults,1780994867,2,0,0
ahosr93r,13,ozjziflj,17,activism,Contribute,1780994873,2,0,0
ahosr93r,3,i3q8rdlg,17,activism,Contribute,1780994874,2,0,0
ahosr93r,3,i3q8rdlg,18,activism,WaitForResults,1780994874,2,0,1
ahosr93r,13,ozjziflj,18,activism,WaitForResults,1780994874,2,0,1
ahosr93r,15,kzsxshpe,18,activism,WaitForResults,1780994874,2,0,1
ahosr93r,18,vw2fpivq,18,activism,WaitForResults,1780994874,2,0,1
ahosr93r,2,espz8kdk,26,activism,EffortTask,1780994876,3,1,0
ahosr93r,4,9varpwsl,26,activism,EffortTask,1780994877,3,1,0
ahosr93r,16,1os08k1l,26,activism,EffortTask,1780994877,3,1,0
ahosr93r,15,kzsxshpe,19,activism,RoundResults,1780994879,2,0,0
ahosr93r,6,grzk7t4j,26,activism,EffortTask,1780994881,3,1,0
ahosr93r,2,espz8kdk,27,activism,Contribute,1780994881,3,0,0
ahosr93r,3,i3q8rdlg,19,activism,RoundResults,1780994881,2,0,0
ahosr93r,28,a3llmru2,19,activism,RoundResults,1780994882,2,0,0
ahosr93r,16,1os08k1l,27,activism,Contribute,1780994882,3,0,0
ahosr93r,23,lbjc7cyh,26,activism,EffortTask,1780994883,3,1,0
ahosr93r,4,9varpwsl,27,activism,Contribute,1780994883,3,0,0
ahosr93r,20,ykenmho2,26,activism,EffortTask,1780994885,3,1,0
ahosr93r,1,7m52afu6,26,activism,EffortTask,1780994885,3,1,0
ahosr93r,6,grzk7t4j,27,activism,Contribute,1780994885,3,0,0
ahosr93r,16,1os08k1l,28,activism,WaitForResults,1780994885,3,0,1
ahosr93r,2,espz8kdk,28,activism,WaitForResults,1780994885,3,0,1
ahosr93r,4,9varpwsl,28,activism,WaitForResults,1780994885,3,0,1
ahosr93r,6,grzk7t4j,28,activism,WaitForResults,1780994885,3,0,1
ahosr93r,18,vw2fpivq,19,activism,RoundResults,1780994887,2,0,0
ahosr93r,26,zy9e5vmk,26,activism,EffortTask,1780994887,3,1,0
ahosr93r,23,lbjc7cyh,27,activism,Contribute,1780994888,3,0,0
ahosr93r,16,1os08k1l,29,activism,RoundResults,1780994889,3,0,0
ahosr93r,6,grzk7t4j,29,activism,RoundResults,1780994889,3,0,0
ahosr93r,4,9varpwsl,29,activism,RoundResults,1780994889,3,0,0
ahosr93r,20,ykenmho2,27,activism,Contribute,1780994889,3,0,0
ahosr93r,13,ozjziflj,19,activism,RoundResults,1780994890,2,0,0
ahosr93r,2,espz8kdk,29,activism,RoundResults,1780994891,3,0,0
ahosr93r,1,7m52afu6,27,activism,Contribute,1780994892,3,0,0
ahosr93r,11,usmgmves,26,activism,EffortTask,1780994893,3,1,0
ahosr93r,5,comjjap2,26,activism,EffortTask,1780994895,3,1,0
ahosr93r,26,zy9e5vmk,27,activism,Contribute,1780994895,3,0,0
ahosr93r,1,7m52afu6,28,activism,WaitForResults,1780994895,3,0,1
ahosr93r,20,ykenmho2,28,activism,WaitForResults,1780994895,3,0,1
ahosr93r,23,lbjc7cyh,28,activism,WaitForResults,1780994895,3,0,1
ahosr93r,26,zy9e5vmk,28,activism,WaitForResults,1780994895,3,0,1
ahosr93r,17,zu7f4eup,26,activism,EffortTask,1780994896,3,1,0
ahosr93r,23,lbjc7cyh,29,activism,RoundResults,1780994897,3,0,0
ahosr93r,22,odojvl0k,26,activism,EffortTask,1780994897,3,1,0
ahosr93r,9,pj0tky4n,26,activism,EffortTask,1780994897,3,1,0
ahosr93r,24,iircdrz3,26,activism,EffortTask,1780994899,3,1,0
ahosr93r,1,7m52afu6,29,activism,RoundResults,1780994899,3,0,0
ahosr93r,10,hapbqcq1,26,activism,EffortTask,1780994901,3,1,0
ahosr93r,7,2a57mkrx,26,activism,EffortTask,1780994901,3,1,0
ahosr93r,26,zy9e5vmk,29,activism,RoundResults,1780994901,3,0,0
ahosr93r,11,usmgmves,27,activism,Contribute,1780994901,3,0,0
ahosr93r,20,ykenmho2,29,activism,RoundResults,1780994902,3,0,0
ahosr93r,12,sp2jqls4,26,activism,EffortTask,1780994902,3,1,0
ahosr93r,17,zu7f4eup,27,activism,Contribute,1780994902,3,0,0
ahosr93r,22,odojvl0k,27,activism,Contribute,1780994904,3,0,0
ahosr93r,5,comjjap2,27,activism,Contribute,1780994904,3,0,0
ahosr93r,7,2a57mkrx,27,activism,Contribute,1780994905,3,0,0
ahosr93r,27,wlo53l7c,26,activism,EffortTask,1780994906,3,1,0
ahosr93r,19,9mcj0ohn,26,activism,EffortTask,1780994906,3,1,0
ahosr93r,12,sp2jqls4,27,activism,Contribute,1780994906,3,0,0
ahosr93r,8,8gd3793t,26,activism,EffortTask,1780994908,3,1,0
ahosr93r,21,ju6xezrw,26,activism,EffortTask,1780994908,3,1,0
ahosr93r,19,9mcj0ohn,27,activism,Contribute,1780994909,3,0,0
ahosr93r,19,9mcj0ohn,28,activism,WaitForResults,1780994909,3,0,1
ahosr93r,22,odojvl0k,28,activism,WaitForResults,1780994909,3,0,1
ahosr93r,11,usmgmves,28,activism,WaitForResults,1780994909,3,0,1
ahosr93r,17,zu7f4eup,28,activism,WaitForResults,1780994909,3,0,1
ahosr93r,24,iircdrz3,27,activism,Contribute,1780994910,3,0,0
ahosr93r,9,pj0tky4n,27,activism,Contribute,1780994911,3,0,0
ahosr93r,27,wlo53l7c,27,activism,Contribute,1780994912,3,0,0
ahosr93r,25,1yv42yer,26,activism,EffortTask,1780994912,3,1,0
ahosr93r,5,comjjap2,28,activism,WaitForResults,1780994912,3,0,1
ahosr93r,9,pj0tky4n,28,activism,WaitForResults,1780994912,3,0,1
ahosr93r,12,sp2jqls4,28,activism,WaitForResults,1780994912,3,0,1
ahosr93r,27,wlo53l7c,28,activism,WaitForResults,1780994912,3,0,1
ahosr93r,14,nnn3u3ee,26,activism,EffortTask,1780994912,3,1,0
ahosr93r,11,usmgmves,29,activism,RoundResults,1780994913,3,0,0
ahosr93r,21,ju6xezrw,27,activism,Contribute,1780994915,3,0,0
ahosr93r,8,8gd3793t,27,activism,Contribute,1780994915,3,0,0
ahosr93r,10,hapbqcq1,27,activism,Contribute,1780994915,3,0,0
ahosr93r,21,ju6xezrw,28,activism,WaitForResults,1780994915,3,0,1
ahosr93r,7,2a57mkrx,28,activism,WaitForResults,1780994915,3,0,1
ahosr93r,10,hapbqcq1,28,activism,WaitForResults,1780994915,3,0,1
ahosr93r,24,iircdrz3,28,activism,WaitForResults,1780994915,3,0,1
ahosr93r,25,1yv42yer,27,activism,Contribute,1780994917,3,0,0
ahosr93r,5,comjjap2,29,activism,RoundResults,1780994917,3,0,0
ahosr93r,9,pj0tky4n,29,activism,RoundResults,1780994918,3,0,0
ahosr93r,12,sp2jqls4,29,activism,RoundResults,1780994918,3,0,0
ahosr93r,10,hapbqcq1,29,activism,RoundResults,1780994920,3,0,0
ahosr93r,17,zu7f4eup,29,activism,RoundResults,1780994920,3,0,0
ahosr93r,24,iircdrz3,29,activism,RoundResults,1780994921,3,0,0
ahosr93r,7,2a57mkrx,29,activism,RoundResults,1780994922,3,0,0
ahosr93r,14,nnn3u3ee,27,activism,Contribute,1780994924,3,0,0
ahosr93r,15,kzsxshpe,26,activism,EffortTask,1780994924,3,1,0
ahosr93r,21,ju6xezrw,29,activism,RoundResults,1780994924,3,0,0
ahosr93r,19,9mcj0ohn,29,activism,RoundResults,1780994925,3,0,0
ahosr93r,27,wlo53l7c,29,activism,RoundResults,1780994925,3,0,0
ahosr93r,3,i3q8rdlg,26,activism,EffortTask,1780994926,3,1,0
ahosr93r,28,a3llmru2,26,activism,EffortTask,1780994927,3,1,0
ahosr93r,22,odojvl0k,29,activism,RoundResults,1780994927,3,0,0
ahosr93r,15,kzsxshpe,27,activism,Contribute,1780994928,3,0,0
ahosr93r,3,i3q8rdlg,27,activism,Contribute,1780994931,3,0,0
ahosr93r,18,vw2fpivq,26,activism,EffortTask,1780994932,3,1,0
ahosr93r,16,1os08k1l,36,activism,EffortTask,1780994934,4,1,0
ahosr93r,13,ozjziflj,26,activism,EffortTask,1780994934,3,0,0
ahosr93r,6,grzk7t4j,36,activism,EffortTask,1780994934,4,1,0
ahosr93r,4,9varpwsl,36,activism,EffortTask,1780994935,4,1,0
ahosr93r,2,espz8kdk,36,activism,EffortTask,1780994936,4,1,0
ahosr93r,18,vw2fpivq,27,activism,Contribute,1780994937,3,0,0
ahosr93r,16,1os08k1l,37,activism,Contribute,1780994937,4,0,0
ahosr93r,4,9varpwsl,37,activism,Contribute,1780994939,4,0,0
ahosr93r,6,grzk7t4j,37,activism,Contribute,1780994940,4,0,0
ahosr93r,28,a3llmru2,27,activism,Contribute,1780994940,3,0,0
ahosr93r,14,nnn3u3ee,28,activism,WaitForResults,1780994940,3,0,1
ahosr93r,8,8gd3793t,28,activism,WaitForResults,1780994940,3,0,1
ahosr93r,25,1yv42yer,28,activism,WaitForResults,1780994940,3,0,1
ahosr93r,28,a3llmru2,28,activism,WaitForResults,1780994940,3,0,1
ahosr93r,13,ozjziflj,27,activism,Contribute,1780994941,3,0,0
ahosr93r,3,i3q8rdlg,28,activism,WaitForResults,1780994941,3,0,1
ahosr93r,18,vw2fpivq,28,activism,WaitForResults,1780994941,3,0,1
ahosr93r,13,ozjziflj,28,activism,WaitForResults,1780994941,3,0,1
ahosr93r,15,kzsxshpe,28,activism,WaitForResults,1780994941,3,0,1
ahosr93r,23,lbjc7cyh,36,activism,EffortTask,1780994942,4,1,0
ahosr93r,25,1yv42yer,29,activism,RoundResults,1780994943,3,0,0
ahosr93r,8,8gd3793t,29,activism,RoundResults,1780994943,3,0,0
ahosr93r,2,espz8kdk,37,activism,Contribute,1780994944,4,0,0
ahosr93r,2,espz8kdk,38,activism,WaitForResults,1780994944,4,0,1
ahosr93r,4,9varpwsl,38,activism,WaitForResults,1780994944,4,0,1
ahosr93r,6,grzk7t4j,38,activism,WaitForResults,1780994944,4,0,1
ahosr93r,16,1os08k1l,38,activism,WaitForResults,1780994944,4,0,1
ahosr93r,1,7m52afu6,36,activism,EffortTask,1780994944,4,1,0
ahosr93r,4,9varpwsl,39,activism,RoundResults,1780994945,4,0,0
ahosr93r,14,nnn3u3ee,29,activism,RoundResults,1780994945,3,0,0
ahosr93r,16,1os08k1l,39,activism,RoundResults,1780994946,4,0,0
ahosr93r,26,zy9e5vmk,36,activism,EffortTask,1780994946,4,1,0
ahosr93r,23,lbjc7cyh,37,activism,Contribute,1780994946,4,0,0
ahosr93r,20,ykenmho2,36,activism,EffortTask,1780994947,4,1,0
ahosr93r,3,i3q8rdlg,29,activism,RoundResults,1780994948,3,0,0
ahosr93r,2,espz8kdk,39,activism,RoundResults,1780994948,4,0,0
ahosr93r,1,7m52afu6,37,activism,Contribute,1780994949,4,0,0
ahosr93r,26,zy9e5vmk,37,activism,Contribute,1780994950,4,0,0
ahosr93r,28,a3llmru2,29,activism,RoundResults,1780994952,3,0,0
ahosr93r,6,grzk7t4j,39,activism,RoundResults,1780994952,4,0,0
ahosr93r,20,ykenmho2,37,activism,Contribute,1780994954,4,0,0
ahosr93r,1,7m52afu6,38,activism,WaitForResults,1780994954,4,0,1
ahosr93r,20,ykenmho2,38,activism,WaitForResults,1780994954,4,0,1
ahosr93r,23,lbjc7cyh,38,activism,WaitForResults,1780994954,4,0,1
ahosr93r,26,zy9e5vmk,38,activism,WaitForResults,1780994954,4,0,1
ahosr93r,13,ozjziflj,29,activism,RoundResults,1780994954,3,0,0
ahosr93r,23,lbjc7cyh,39,activism,RoundResults,1780994956,4,0,0
ahosr93r,20,ykenmho2,39,activism,RoundResults,1780994956,4,0,0
ahosr93r,1,7m52afu6,39,activism,RoundResults,1780994957,4,0,0
ahosr93r,11,usmgmves,36,activism,EffortTask,1780994959,4,1,0
ahosr93r,18,vw2fpivq,29,activism,RoundResults,1780994960,3,0,0
ahosr93r,26,zy9e5vmk,39,activism,RoundResults,1780994961,4,0,0
ahosr93r,5,comjjap2,36,activism,EffortTask,1780994962,4,1,0
ahosr93r,9,pj0tky4n,36,activism,EffortTask,1780994963,4,1,0
ahosr93r,11,usmgmves,37,activism,Contribute,1780994963,4,0,0
ahosr93r,12,sp2jqls4,36,activism,EffortTask,1780994964,4,1,0
ahosr93r,10,hapbqcq1,36,activism,EffortTask,1780994965,4,1,0
ahosr93r,17,zu7f4eup,36,activism,EffortTask,1780994965,4,1,0
ahosr93r,24,iircdrz3,36,activism,EffortTask,1780994966,4,1,0
ahosr93r,5,comjjap2,37,activism,Contribute,1780994967,4,0,0
ahosr93r,7,2a57mkrx,36,activism,EffortTask,1780994967,4,1,0
ahosr93r,21,ju6xezrw,36,activism,EffortTask,1780994969,4,1,0
ahosr93r,19,9mcj0ohn,36,activism,EffortTask,1780994970,4,1,0
ahosr93r,24,iircdrz3,37,activism,Contribute,1780994970,4,0,0
ahosr93r,27,wlo53l7c,36,activism,EffortTask,1780994971,4,1,0
ahosr93r,17,zu7f4eup,37,activism,Contribute,1780994971,4,0,0
ahosr93r,7,2a57mkrx,37,activism,Contribute,1780994972,4,0,0
ahosr93r,22,odojvl0k,36,activism,EffortTask,1780994972,4,1,0
ahosr93r,9,pj0tky4n,37,activism,Contribute,1780994972,4,0,0
ahosr93r,19,9mcj0ohn,37,activism,Contribute,1780994974,4,0,0
ahosr93r,12,sp2jqls4,37,activism,Contribute,1780994975,4,0,0
ahosr93r,27,wlo53l7c,37,activism,Contribute,1780994977,4,0,0
ahosr93r,5,comjjap2,38,activism,WaitForResults,1780994977,4,0,1
ahosr93r,9,pj0tky4n,38,activism,WaitForResults,1780994977,4,0,1
ahosr93r,12,sp2jqls4,38,activism,WaitForResults,1780994977,4,0,1
ahosr93r,27,wlo53l7c,38,activism,WaitForResults,1780994977,4,0,1
ahosr93r,21,ju6xezrw,37,activism,Contribute,1780994977,4,0,0
ahosr93r,22,odojvl0k,37,activism,Contribute,1780994978,4,0,0
ahosr93r,11,usmgmves,38,activism,WaitForResults,1780994978,4,0,1
ahosr93r,17,zu7f4eup,38,activism,WaitForResults,1780994978,4,0,1
ahosr93r,19,9mcj0ohn,38,activism,WaitForResults,1780994978,4,0,1
ahosr93r,22,odojvl0k,38,activism,WaitForResults,1780994978,4,0,1
ahosr93r,12,sp2jqls4,39,activism,RoundResults,1780994982,4,0,0
ahosr93r,9,pj0tky4n,39,activism,RoundResults,1780994982,4,0,0
ahosr93r,5,comjjap2,39,activism,RoundResults,1780994982,4,0,0
ahosr93r,17,zu7f4eup,39,activism,RoundResults,1780994983,4,0,0
ahosr93r,11,usmgmves,39,activism,RoundResults,1780994984,4,0,0
ahosr93r,22,odojvl0k,39,activism,RoundResults,1780994984,4,0,0
ahosr93r,10,hapbqcq1,37,activism,Contribute,1780994985,4,0,0
ahosr93r,7,2a57mkrx,38,activism,WaitForResults,1780994985,4,0,1
ahosr93r,10,hapbqcq1,38,activism,WaitForResults,1780994985,4,0,1
ahosr93r,21,ju6xezrw,38,activism,WaitForResults,1780994985,4,0,1
ahosr93r,24,iircdrz3,38,activism,WaitForResults,1780994985,4,0,1
ahosr93r,25,1yv42yer,36,activism,EffortTask,1780994988,4,1,0
ahosr93r,24,iircdrz3,39,activism,RoundResults,1780994988,4,0,0
ahosr93r,8,8gd3793t,36,activism,EffortTask,1780994988,4,1,0
ahosr93r,10,hapbqcq1,39,activism,RoundResults,1780994989,4,0,0
ahosr93r,7,2a57mkrx,39,activism,RoundResults,1780994990,4,0,0
ahosr93r,4,9varpwsl,46,activism,EffortTask,1780994990,5,1,0
ahosr93r,14,nnn3u3ee,36,activism,EffortTask,1780994990,4,1,0
ahosr93r,16,1os08k1l,46,activism,EffortTask,1780994991,5,1,0
ahosr93r,25,1yv42yer,37,activism,Contribute,1780994992,4,0,0
ahosr93r,27,wlo53l7c,39,activism,RoundResults,1780994992,4,0,0
ahosr93r,3,i3q8rdlg,36,activism,EffortTask,1780994993,4,1,0
ahosr93r,8,8gd3793t,37,activism,Contribute,1780994993,4,0,0
ahosr93r,2,espz8kdk,46,activism,EffortTask,1780994993,5,1,0
ahosr93r,21,ju6xezrw,39,activism,RoundResults,1780994993,4,0,0
ahosr93r,19,9mcj0ohn,39,activism,RoundResults,1780994994,4,0,0
ahosr93r,4,9varpwsl,47,activism,Contribute,1780994995,5,0,0
ahosr93r,16,1os08k1l,47,activism,Contribute,1780994996,5,0,0
ahosr93r,28,a3llmru2,36,activism,EffortTask,1780994997,4,1,0
ahosr93r,6,grzk7t4j,46,activism,EffortTask,1780994998,5,1,0
ahosr93r,2,espz8kdk,47,activism,Contribute,1780994998,5,0,0
ahosr93r,13,ozjziflj,36,activism,EffortTask,1780994999,4,0,0
ahosr93r,14,nnn3u3ee,37,activism,Contribute,1780994999,4,0,0
ahosr93r,23,lbjc7cyh,46,activism,EffortTask,1780995001,5,1,0
ahosr93r,3,i3q8rdlg,37,activism,Contribute,1780995001,4,0,0
ahosr93r,20,ykenmho2,46,activism,EffortTask,1780995001,5,1,0
ahosr93r,1,7m52afu6,46,activism,EffortTask,1780995003,5,1,0
ahosr93r,6,grzk7t4j,47,activism,Contribute,1780995003,5,0,0
ahosr93r,6,grzk7t4j,48,activism,WaitForResults,1780995003,5,0,1
ahosr93r,16,1os08k1l,48,activism,WaitForResults,1780995003,5,0,1
ahosr93r,2,espz8kdk,48,activism,WaitForResults,1780995003,5,0,1
ahosr93r,4,9varpwsl,48,activism,WaitForResults,1780995003,5,0,1
ahosr93r,13,ozjziflj,37,activism,Contribute,1780995004,4,0,0
ahosr93r,4,9varpwsl,49,activism,RoundResults,1780995004,5,0,0
ahosr93r,26,zy9e5vmk,46,activism,EffortTask,1780995005,5,0,0
ahosr93r,20,ykenmho2,47,activism,Contribute,1780995005,5,0,0
ahosr93r,16,1os08k1l,49,activism,RoundResults,1780995005,5,0,0
ahosr93r,23,lbjc7cyh,47,activism,Contribute,1780995005,5,0,0
ahosr93r,18,vw2fpivq,36,activism,EffortTask,1780995005,4,1,0
ahosr93r,26,zy9e5vmk,47,activism,Contribute,1780995008,5,0,0
ahosr93r,1,7m52afu6,47,activism,Contribute,1780995009,5,0,0
ahosr93r,1,7m52afu6,48,activism,WaitForResults,1780995009,5,0,1
ahosr93r,20,ykenmho2,48,activism,WaitForResults,1780995009,5,0,1
ahosr93r,23,lbjc7cyh,48,activism,WaitForResults,1780995009,5,0,1
ahosr93r,26,zy9e5vmk,48,activism,WaitForResults,1780995009,5,0,1
ahosr93r,2,espz8kdk,49,activism,RoundResults,1780995009,5,0,0
ahosr93r,28,a3llmru2,37,activism,Contribute,1780995011,4,0,0
ahosr93r,23,lbjc7cyh,49,activism,RoundResults,1780995011,5,0,0
ahosr93r,8,8gd3793t,38,activism,WaitForResults,1780995011,4,0,1
ahosr93r,14,nnn3u3ee,38,activism,WaitForResults,1780995011,4,0,1
ahosr93r,25,1yv42yer,38,activism,WaitForResults,1780995011,4,0,1
ahosr93r,28,a3llmru2,38,activism,WaitForResults,1780995011,4,0,1
ahosr93r,6,grzk7t4j,49,activism,RoundResults,1780995011,5,0,0
ahosr93r,1,7m52afu6,49,activism,RoundResults,1780995011,5,0,0
ahosr93r,20,ykenmho2,49,activism,RoundResults,1780995013,5,0,0
ahosr93r,8,8gd3793t,39,activism,RoundResults,1780995013,4,0,0
ahosr93r,26,zy9e5vmk,49,activism,RoundResults,1780995014,5,0,0
ahosr93r,14,nnn3u3ee,39,activism,RoundResults,1780995015,4,0,0
ahosr93r,25,1yv42yer,39,activism,RoundResults,1780995015,4,0,0
ahosr93r,18,vw2fpivq,37,activism,Contribute,1780995016,4,0,0
ahosr93r,28,a3llmru2,39,activism,RoundResults,1780995027,4,0,0
ahosr93r,12,sp2jqls4,46,activism,EffortTask,1780995027,5,1,0
ahosr93r,9,pj0tky4n,46,activism,EffortTask,1780995027,5,1,0
ahosr93r,5,comjjap2,46,activism,EffortTask,1780995027,5,1,0
ahosr93r,17,zu7f4eup,46,activism,EffortTask,1780995028,5,1,0
ahosr93r,11,usmgmves,46,activism,EffortTask,1780995029,5,1,0
ahosr93r,22,odojvl0k,46,activism,EffortTask,1780995029,5,1,0
ahosr93r,12,sp2jqls4,47,activism,Contribute,1780995031,5,0,0
ahosr93r,5,comjjap2,47,activism,Contribute,1780995032,5,0,0
ahosr93r,11,usmgmves,47,activism,Contribute,1780995033,5,0,0
ahosr93r,24,iircdrz3,46,activism,EffortTask,1780995033,5,1,0
ahosr93r,10,hapbqcq1,46,activism,EffortTask,1780995034,5,1,0
ahosr93r,9,pj0tky4n,47,activism,Contribute,1780995034,5,0,0
ahosr93r,7,2a57mkrx,46,activism,EffortTask,1780995035,5,1,0
ahosr93r,17,zu7f4eup,47,activism,Contribute,1780995036,5,0,0
ahosr93r,27,wlo53l7c,46,activism,EffortTask,1780995037,5,1,0
ahosr93r,22,odojvl0k,47,activism,Contribute,1780995038,5,0,0
ahosr93r,24,iircdrz3,47,activism,Contribute,1780995038,5,0,0
ahosr93r,21,ju6xezrw,46,activism,EffortTask,1780995039,5,1,0
ahosr93r,19,9mcj0ohn,46,activism,EffortTask,1780995039,5,1,0
ahosr93r,7,2a57mkrx,47,activism,Contribute,1780995040,5,0,0
ahosr93r,19,9mcj0ohn,47,activism,Contribute,1780995042,5,0,0
ahosr93r,11,usmgmves,48,activism,WaitForResults,1780995042,5,0,1
ahosr93r,17,zu7f4eup,48,activism,WaitForResults,1780995042,5,0,1
ahosr93r,19,9mcj0ohn,48,activism,WaitForResults,1780995042,5,0,1
ahosr93r,22,odojvl0k,48,activism,WaitForResults,1780995042,5,0,1
ahosr93r,19,9mcj0ohn,49,activism,RoundResults,1780995043,5,0,0
ahosr93r,27,wlo53l7c,47,activism,Contribute,1780995043,5,0,0
ahosr93r,5,comjjap2,48,activism,WaitForResults,1780995044,5,0,1
ahosr93r,9,pj0tky4n,48,activism,WaitForResults,1780995044,5,0,1
ahosr93r,12,sp2jqls4,48,activism,WaitForResults,1780995044,5,0,1
ahosr93r,27,wlo53l7c,48,activism,WaitForResults,1780995044,5,0,1
ahosr93r,21,ju6xezrw,47,activism,Contribute,1780995044,5,0,0
ahosr93r,12,sp2jqls4,49,activism,RoundResults,1780995046,5,0,0
ahosr93r,5,comjjap2,49,activism,RoundResults,1780995047,5,0,0
ahosr93r,17,zu7f4eup,49,activism,RoundResults,1780995048,5,0,0
ahosr93r,11,usmgmves,49,activism,RoundResults,1780995048,5,0,0
ahosr93r,4,9varpwsl,56,activism,EffortTask,1780995050,6,1,0
ahosr93r,16,1os08k1l,56,activism,EffortTask,1780995050,6,1,0
ahosr93r,27,wlo53l7c,49,activism,RoundResults,1780995054,5,0,0
ahosr93r,9,pj0tky4n,49,activism,RoundResults,1780995054,5,0,0
ahosr93r,10,hapbqcq1,47,activism,Contribute,1780995054,5,0,0
ahosr93r,7,2a57mkrx,48,activism,WaitForResults,1780995054,5,0,1
ahosr93r,10,hapbqcq1,48,activism,WaitForResults,1780995054,5,0,1
ahosr93r,21,ju6xezrw,48,activism,WaitForResults,1780995054,5,0,1
ahosr93r,24,iircdrz3,48,activism,WaitForResults,1780995054,5,0,1
ahosr93r,16,1os08k1l,57,activism,Contribute,1780995054,6,0,0
ahosr93r,22,odojvl0k,49,activism,RoundResults,1780995055,5,0,0
ahosr93r,4,9varpwsl,57,activism,Contribute,1780995055,6,0,0
ahosr93r,2,espz8kdk,56,activism,EffortTask,1780995055,6,1,0
ahosr93r,23,lbjc7cyh,56,activism,EffortTask,1780995056,6,1,0
ahosr93r,6,grzk7t4j,56,activism,EffortTask,1780995057,6,1,0
ahosr93r,1,7m52afu6,56,activism,EffortTask,1780995057,6,1,0
ahosr93r,20,ykenmho2,56,activism,EffortTask,1780995058,6,1,0
ahosr93r,8,8gd3793t,46,activism,EffortTask,1780995058,5,1,0
ahosr93r,2,espz8kdk,57,activism,Contribute,1780995059,6,0,0
ahosr93r,26,zy9e5vmk,56,activism,EffortTask,1780995060,6,1,0
ahosr93r,14,nnn3u3ee,46,activism,EffortTask,1780995060,5,1,0
ahosr93r,6,grzk7t4j,57,activism,Contribute,1780995060,6,0,0
ahosr93r,2,espz8kdk,58,activism,WaitForResults,1780995060,6,0,1
ahosr93r,4,9varpwsl,58,activism,WaitForResults,1780995060,6,0,1
ahosr93r,6,grzk7t4j,58,activism,WaitForResults,1780995060,6,0,1
ahosr93r,16,1os08k1l,58,activism,WaitForResults,1780995060,6,0,1
ahosr93r,25,1yv42yer,46,activism,EffortTask,1780995061,5,1,0
ahosr93r,21,ju6xezrw,49,activism,RoundResults,1780995061,5,0,0
ahosr93r,23,lbjc7cyh,57,activism,Contribute,1780995061,6,0,0
ahosr93r,4,9varpwsl,59,activism,RoundResults,1780995062,6,0,0
ahosr93r,1,7m52afu6,57,activism,Contribute,1780995063,6,0,0
ahosr93r,16,1os08k1l,59,activism,RoundResults,1780995063,6,0,0
ahosr93r,8,8gd3793t,47,activism,Contribute,1780995063,5,0,0
ahosr93r,7,2a57mkrx,49,activism,RoundResults,1780995063,5,0,0
ahosr93r,26,zy9e5vmk,57,activism,Contribute,1780995063,6,0,0
ahosr93r,20,ykenmho2,57,activism,Contribute,1780995064,6,0,0
ahosr93r,1,7m52afu6,58,activism,WaitForResults,1780995064,6,0,1
ahosr93r,20,ykenmho2,58,activism,WaitForResults,1780995064,6,0,1
ahosr93r,23,lbjc7cyh,58,activism,WaitForResults,1780995064,6,0,1
ahosr93r,26,zy9e5vmk,58,activism,WaitForResults,1780995064,6,0,1
ahosr93r,1,7m52afu6,59,activism,RoundResults,1780995066,6,0,0
ahosr93r,25,1yv42yer,47,activism,Contribute,1780995066,5,0,0
ahosr93r,2,espz8kdk,59,activism,RoundResults,1780995066,6,0,0
ahosr93r,6,grzk7t4j,59,activism,RoundResults,1780995067,6,0,0
ahosr93r,14,nnn3u3ee,47,activism,Contribute,1780995067,5,0,0
ahosr93r,20,ykenmho2,59,activism,RoundResults,1780995067,6,0,0
ahosr93r,26,zy9e5vmk,59,activism,RoundResults,1780995068,6,0,0
ahosr93r,23,lbjc7cyh,59,activism,RoundResults,1780995068,6,0,0
ahosr93r,24,iircdrz3,49,activism,RoundResults,1780995068,5,0,0
ahosr93r,10,hapbqcq1,49,activism,RoundResults,1780995070,5,0,0
ahosr93r,28,a3llmru2,46,activism,EffortTask,1780995072,5,1,0
ahosr93r,28,a3llmru2,47,activism,Contribute,1780995079,5,0,0
ahosr93r,8,8gd3793t,48,activism,WaitForResults,1780995079,5,0,1
ahosr93r,14,nnn3u3ee,48,activism,WaitForResults,1780995079,5,0,1
ahosr93r,25,1yv42yer,48,activism,WaitForResults,1780995079,5,0,1
ahosr93r,28,a3llmru2,48,activism,WaitForResults,1780995079,5,0,1
ahosr93r,8,8gd3793t,49,activism,RoundResults,1780995082,5,0,0
ahosr93r,25,1yv42yer,49,activism,RoundResults,1780995082,5,0,0
ahosr93r,28,a3llmru2,49,activism,RoundResults,1780995084,5,0,0
ahosr93r,14,nnn3u3ee,49,activism,RoundResults,1780995085,5,0,0
ahosr93r,19,9mcj0ohn,56,activism,EffortTask,1780995088,6,0,0
ahosr93r,19,9mcj0ohn,57,activism,Contribute,1780995091,6,0,0
ahosr93r,12,sp2jqls4,56,activism,EffortTask,1780995092,6,1,0
ahosr93r,5,comjjap2,56,activism,EffortTask,1780995092,6,1,0
ahosr93r,17,zu7f4eup,56,activism,EffortTask,1780995093,6,1,0
ahosr93r,11,usmgmves,56,activism,EffortTask,1780995094,6,1,0
ahosr93r,12,sp2jqls4,57,activism,Contribute,1780995094,6,0,0
ahosr93r,27,wlo53l7c,56,activism,EffortTask,1780995099,6,1,0
ahosr93r,9,pj0tky4n,56,activism,EffortTask,1780995099,6,1,0
ahosr93r,22,odojvl0k,56,activism,EffortTask,1780995100,6,1,0
ahosr93r,11,usmgmves,57,activism,Contribute,1780995101,6,0,0
ahosr93r,17,zu7f4eup,57,activism,Contribute,1780995102,6,0,0
ahosr93r,9,pj0tky4n,57,activism,Contribute,1780995103,6,0,0
ahosr93r,22,odojvl0k,57,activism,Contribute,1780995106,6,0,0
ahosr93r,11,usmgmves,58,activism,WaitForResults,1780995106,6,0,1
ahosr93r,17,zu7f4eup,58,activism,WaitForResults,1780995106,6,0,1
ahosr93r,19,9mcj0ohn,58,activism,WaitForResults,1780995106,6,0,1
ahosr93r,22,odojvl0k,58,activism,WaitForResults,1780995106,6,0,1
ahosr93r,21,ju6xezrw,56,activism,EffortTask,1780995106,6,1,0
ahosr93r,4,9varpwsl,66,activism,EffortTask,1780995108,7,1,0
ahosr93r,16,1os08k1l,66,activism,EffortTask,1780995108,7,1,0
ahosr93r,22,odojvl0k,59,activism,RoundResults,1780995108,6,0,0
ahosr93r,7,2a57mkrx,56,activism,EffortTask,1780995109,6,1,0
ahosr93r,19,9mcj0ohn,59,activism,RoundResults,1780995109,6,0,0
ahosr93r,11,usmgmves,59,activism,RoundResults,1780995109,6,0,0
ahosr93r,1,7m52afu6,66,activism,EffortTask,1780995111,7,1,0
ahosr93r,2,espz8kdk,66,activism,EffortTask,1780995112,7,1,0
ahosr93r,6,grzk7t4j,66,activism,EffortTask,1780995112,7,1,0
ahosr93r,17,zu7f4eup,59,activism,RoundResults,1780995112,6,0,0
ahosr93r,16,1os08k1l,67,activism,Contribute,1780995112,7,0,0
ahosr93r,20,ykenmho2,66,activism,EffortTask,1780995113,7,1,0
ahosr93r,26,zy9e5vmk,66,activism,EffortTask,1780995113,7,1,0
ahosr93r,24,iircdrz3,56,activism,EffortTask,1780995113,6,0,0
ahosr93r,23,lbjc7cyh,66,activism,EffortTask,1780995113,7,1,0
ahosr93r,4,9varpwsl,67,activism,Contribute,1780995113,7,0,0
ahosr93r,27,wlo53l7c,57,activism,Contribute,1780995113,6,0,0
ahosr93r,21,ju6xezrw,57,activism,Contribute,1780995114,6,0,0
ahosr93r,7,2a57mkrx,57,activism,Contribute,1780995115,6,0,0
ahosr93r,10,hapbqcq1,56,activism,EffortTask,1780995115,6,1,0
ahosr93r,26,zy9e5vmk,67,activism,Contribute,1780995116,7,0,0
ahosr93r,6,grzk7t4j,67,activism,Contribute,1780995116,7,0,0
ahosr93r,20,ykenmho2,67,activism,Contribute,1780995116,7,0,0
ahosr93r,2,espz8kdk,67,activism,Contribute,1780995116,7,0,0
ahosr93r,4,9varpwsl,68,activism,WaitForResults,1780995116,7,0,1
ahosr93r,6,grzk7t4j,68,activism,WaitForResults,1780995116,7,0,1
ahosr93r,16,1os08k1l,68,activism,WaitForResults,1780995116,7,0,1
ahosr93r,2,espz8kdk,68,activism,WaitForResults,1780995116,7,0,1
ahosr93r,23,lbjc7cyh,67,activism,Contribute,1780995117,7,0,0
ahosr93r,4,9varpwsl,69,activism,RoundResults,1780995118,7,0,0
ahosr93r,6,grzk7t4j,69,activism,RoundResults,1780995119,7,0,0
ahosr93r,16,1os08k1l,69,activism,RoundResults,1780995120,7,0,0
ahosr93r,24,iircdrz3,57,activism,Contribute,1780995120,6,0,0
ahosr93r,1,7m52afu6,67,activism,Contribute,1780995121,7,0,0
ahosr93r,2,espz8kdk,69,activism,RoundResults,1780995121,7,0,0
ahosr93r,1,7m52afu6,68,activism,WaitForResults,1780995121,7,0,1
ahosr93r,20,ykenmho2,68,activism,WaitForResults,1780995121,7,0,1
ahosr93r,23,lbjc7cyh,68,activism,WaitForResults,1780995121,7,0,1
ahosr93r,26,zy9e5vmk,68,activism,WaitForResults,1780995121,7,0,1
ahosr93r,1,7m52afu6,69,activism,RoundResults,1780995123,7,0,0
ahosr93r,26,zy9e5vmk,69,activism,RoundResults,1780995124,7,0,0
ahosr93r,23,lbjc7cyh,69,activism,RoundResults,1780995125,7,0,0
ahosr93r,25,1yv42yer,56,activism,EffortTask,1780995126,6,0,0
ahosr93r,10,hapbqcq1,57,activism,Contribute,1780995127,6,0,0
ahosr93r,7,2a57mkrx,58,activism,WaitForResults,1780995127,6,0,1
ahosr93r,10,hapbqcq1,58,activism,WaitForResults,1780995127,6,0,1
ahosr93r,21,ju6xezrw,58,activism,WaitForResults,1780995127,6,0,1
ahosr93r,24,iircdrz3,58,activism,WaitForResults,1780995127,6,0,1
ahosr93r,20,ykenmho2,69,activism,RoundResults,1780995127,7,0,0
ahosr93r,8,8gd3793t,56,activism,EffortTask,1780995127,6,1,0
ahosr93r,25,1yv42yer,57,activism,Contribute,1780995129,6,0,0
ahosr93r,28,a3llmru2,56,activism,EffortTask,1780995129,6,1,0
ahosr93r,14,nnn3u3ee,56,activism,EffortTask,1780995131,6,1,0
ahosr93r,21,ju6xezrw,59,activism,RoundResults,1780995131,6,0,0
ahosr93r,24,iircdrz3,59,activism,RoundResults,1780995131,6,0,0
ahosr93r,8,8gd3793t,57,activism,Contribute,1780995132,6,0,0
ahosr93r,7,2a57mkrx,59,activism,RoundResults,1780995133,6,0,0
ahosr93r,10,hapbqcq1,59,activism,RoundResults,1780995135,6,0,0
ahosr93r,14,nnn3u3ee,57,activism,Contribute,1780995136,6,0,0
ahosr93r,28,a3llmru2,57,activism,Contribute,1780995148,6,0,0
ahosr93r,8,8gd3793t,58,activism,WaitForResults,1780995148,6,0,1
ahosr93r,14,nnn3u3ee,58,activism,WaitForResults,1780995148,6,0,1
ahosr93r,25,1yv42yer,58,activism,WaitForResults,1780995148,6,0,1
ahosr93r,28,a3llmru2,58,activism,WaitForResults,1780995148,6,0,1
ahosr93r,25,1yv42yer,59,activism,RoundResults,1780995150,6,0,0
ahosr93r,8,8gd3793t,59,activism,RoundResults,1780995150,6,0,0
ahosr93r,2,espz8kdk,73,activism,InstructionsPart2,1780995151,8,0,0
ahosr93r,14,nnn3u3ee,59,activism,RoundResults,1780995152,6,0,0
ahosr93r,22,odojvl0k,66,activism,EffortTask,1780995153,7,1,0
ahosr93r,19,9mcj0ohn,66,activism,EffortTask,1780995154,7,1,0
ahosr93r,11,usmgmves,66,activism,EffortTask,1780995154,7,1,0
ahosr93r,2,espz8kdk,74,activism,ActivismChoice,1780995156,8,0,0
ahosr93r,4,9varpwsl,73,activism,InstructionsPart2,1780995157,8,0,0
ahosr93r,28,a3llmru2,59,activism,RoundResults,1780995157,6,0,0
ahosr93r,17,zu7f4eup,66,activism,EffortTask,1780995157,7,1,0
ahosr93r,19,9mcj0ohn,67,activism,Contribute,1780995158,7,0,0
ahosr93r,22,odojvl0k,67,activism,Contribute,1780995158,7,0,0
ahosr93r,4,9varpwsl,74,activism,ActivismChoice,1780995160,8,0,0
ahosr93r,11,usmgmves,67,activism,Contribute,1780995162,7,0,0
ahosr93r,17,zu7f4eup,67,activism,Contribute,1780995163,7,0,0
ahosr93r,19,9mcj0ohn,68,activism,WaitForResults,1780995163,7,0,1
ahosr93r,22,odojvl0k,68,activism,WaitForResults,1780995163,7,0,1
ahosr93r,11,usmgmves,68,activism,WaitForResults,1780995163,7,0,1
ahosr93r,17,zu7f4eup,68,activism,WaitForResults,1780995163,7,0,1
ahosr93r,19,9mcj0ohn,69,activism,RoundResults,1780995166,7,0,0
ahosr93r,22,odojvl0k,69,activism,RoundResults,1780995166,7,0,0
ahosr93r,16,1os08k1l,73,activism,InstructionsPart2,1780995167,8,0,0
ahosr93r,17,zu7f4eup,69,activism,RoundResults,1780995168,7,0,0
ahosr93r,11,usmgmves,69,activism,RoundResults,1780995172,7,0,0
ahosr93r,26,zy9e5vmk,73,activism,InstructionsPart2,1780995173,8,0,0
ahosr93r,26,zy9e5vmk,74,activism,ActivismChoice,1780995176,8,0,0
ahosr93r,21,ju6xezrw,66,activism,EffortTask,1780995176,7,1,0
ahosr93r,24,iircdrz3,66,activism,EffortTask,1780995176,7,1,0
ahosr93r,16,1os08k1l,74,activism,ActivismChoice,1780995177,8,0,0
ahosr93r,7,2a57mkrx,66,activism,EffortTask,1780995178,7,1,0
ahosr93r,10,hapbqcq1,66,activism,EffortTask,1780995181,7,1,0
ahosr93r,6,grzk7t4j,73,activism,InstructionsPart2,1780995182,8,0,0
ahosr93r,21,ju6xezrw,67,activism,Contribute,1780995183,7,0,0
ahosr93r,7,2a57mkrx,67,activism,Contribute,1780995183,7,0,0
ahosr93r,24,iircdrz3,67,activism,Contribute,1780995183,7,0,0
ahosr93r,1,7m52afu6,73,activism,InstructionsPart2,1780995184,8,0,0
ahosr93r,10,hapbqcq1,67,activism,Contribute,1780995186,7,0,0
ahosr93r,7,2a57mkrx,68,activism,WaitForResults,1780995186,7,0,1
ahosr93r,10,hapbqcq1,68,activism,WaitForResults,1780995186,7,0,1
ahosr93r,21,ju6xezrw,68,activism,WaitForResults,1780995186,7,0,1
ahosr93r,24,iircdrz3,68,activism,WaitForResults,1780995186,7,0,1
ahosr93r,1,7m52afu6,74,activism,ActivismChoice,1780995187,8,0,0
ahosr93r,10,hapbqcq1,69,activism,RoundResults,1780995188,7,0,0
ahosr93r,24,iircdrz3,69,activism,RoundResults,1780995190,7,0,0
ahosr93r,7,2a57mkrx,69,activism,RoundResults,1780995190,7,0,0
ahosr93r,6,grzk7t4j,74,activism,ActivismChoice,1780995193,8,0,0
ahosr93r,2,espz8kdk,75,activism,WaitForActivism,1780995193,8,0,1
ahosr93r,4,9varpwsl,75,activism,WaitForActivism,1780995193,8,0,1
ahosr93r,16,1os08k1l,75,activism,WaitForActivism,1780995193,8,0,1
ahosr93r,6,grzk7t4j,75,activism,WaitForActivism,1780995193,8,0,1
ahosr93r,21,ju6xezrw,69,activism,RoundResults,1780995194,7,0,0
ahosr93r,25,1yv42yer,66,activism,EffortTask,1780995195,7,1,0
ahosr93r,8,8gd3793t,66,activism,EffortTask,1780995195,7,1,0
ahosr93r,14,nnn3u3ee,66,activism,EffortTask,1780995198,7,1,0
ahosr93r,23,lbjc7cyh,73,activism,InstructionsPart2,1780995199,8,0,0
ahosr93r,8,8gd3793t,67,activism,Contribute,1780995200,7,0,0
ahosr93r,25,1yv42yer,67,activism,Contribute,1780995200,7,0,0
ahosr93r,28,a3llmru2,66,activism,EffortTask,1780995203,7,1,0
ahosr93r,23,lbjc7cyh,74,activism,ActivismChoice,1780995204,8,0,0
ahosr93r,20,ykenmho2,73,activism,InstructionsPart2,1780995204,8,0,0
ahosr93r,28,a3llmru2,67,activism,Contribute,1780995207,7,0,0
ahosr93r,14,nnn3u3ee,67,activism,Contribute,1780995214,7,0,0
ahosr93r,28,a3llmru2,68,activism,WaitForResults,1780995214,7,0,1
ahosr93r,8,8gd3793t,68,activism,WaitForResults,1780995214,7,0,1
ahosr93r,14,nnn3u3ee,68,activism,WaitForResults,1780995214,7,0,1
ahosr93r,25,1yv42yer,68,activism,WaitForResults,1780995214,7,0,1
ahosr93r,8,8gd3793t,69,activism,RoundResults,1780995216,7,0,0
ahosr93r,25,1yv42yer,69,activism,RoundResults,1780995216,7,0,0
ahosr93r,22,odojvl0k,73,activism,InstructionsPart2,1780995218,8,0,0
ahosr93r,14,nnn3u3ee,69,activism,RoundResults,1780995218,7,0,0
ahosr93r,22,odojvl0k,74,activism,ActivismChoice,1780995221,8,0,0
ahosr93r,28,a3llmru2,69,activism,RoundResults,1780995223,7,0,0
ahosr93r,20,ykenmho2,74,activism,ActivismChoice,1780995224,8,0,0
ahosr93r,1,7m52afu6,75,activism,WaitForActivism,1780995224,8,0,1
ahosr93r,20,ykenmho2,75,activism,WaitForActivism,1780995224,8,0,1
ahosr93r,26,zy9e5vmk,75,activism,WaitForActivism,1780995224,8,0,1
ahosr93r,23,lbjc7cyh,75,activism,WaitForActivism,1780995224,8,0,1
ahosr93r,19,9mcj0ohn,73,activism,InstructionsPart2,1780995231,8,0,0
ahosr93r,11,usmgmves,73,activism,InstructionsPart2,1780995233,8,0,0
ahosr93r,7,2a57mkrx,73,activism,InstructionsPart2,1780995234,8,0,0
ahosr93r,17,zu7f4eup,73,activism,InstructionsPart2,1780995236,8,0,0
ahosr93r,19,9mcj0ohn,74,activism,ActivismChoice,1780995236,8,0,0
ahosr93r,10,hapbqcq1,73,activism,InstructionsPart2,1780995238,8,0,0
ahosr93r,7,2a57mkrx,74,activism,ActivismChoice,1780995238,8,0,0
ahosr93r,6,grzk7t4j,76,activism,EffortTask,1780995239,8,1,0
ahosr93r,4,9varpwsl,76,activism,EffortTask,1780995239,8,1,0
ahosr93r,16,1os08k1l,76,activism,EffortTask,1780995239,8,1,0
ahosr93r,11,usmgmves,74,activism,ActivismChoice,1780995241,8,0,0
ahosr93r,16,1os08k1l,77,activism,Contribute,1780995246,8,0,0
ahosr93r,21,ju6xezrw,73,activism,InstructionsPart2,1780995248,8,0,0
ahosr93r,6,grzk7t4j,77,activism,Contribute,1780995249,8,0,0
ahosr93r,24,iircdrz3,73,activism,InstructionsPart2,1780995250,8,0,0
ahosr93r,17,zu7f4eup,74,activism,ActivismChoice,1780995251,8,0,0
ahosr93r,11,usmgmves,75,activism,WaitForActivism,1780995251,8,0,1
ahosr93r,17,zu7f4eup,75,activism,WaitForActivism,1780995251,8,0,1
ahosr93r,22,odojvl0k,75,activism,WaitForActivism,1780995251,8,0,1
ahosr93r,19,9mcj0ohn,75,activism,WaitForActivism,1780995251,8,0,1
ahosr93r,4,9varpwsl,77,activism,Contribute,1780995256,8,0,0
ahosr93r,21,ju6xezrw,74,activism,ActivismChoice,1780995258,8,0,0
ahosr93r,14,nnn3u3ee,73,activism,InstructionsPart2,1780995259,8,0,0
ahosr93r,20,ykenmho2,76,activism,EffortTask,1780995260,8,1,0
ahosr93r,23,lbjc7cyh,76,activism,EffortTask,1780995260,8,1,0
ahosr93r,1,7m52afu6,76,activism,EffortTask,1780995260,8,1,0
ahosr93r,25,1yv42yer,73,activism,InstructionsPart2,1780995260,8,0,0
ahosr93r,10,hapbqcq1,74,activism,ActivismChoice,1780995261,8,0,0
ahosr93r,8,8gd3793t,73,activism,InstructionsPart2,1780995262,8,0,0
ahosr93r,26,zy9e5vmk,76,activism,EffortTask,1780995263,8,0,0
ahosr93r,1,7m52afu6,77,activism,Contribute,1780995264,8,0,0
ahosr93r,8,8gd3793t,74,activism,ActivismChoice,1780995265,8,0,0
ahosr93r,25,1yv42yer,74,activism,ActivismChoice,1780995268,8,0,0
ahosr93r,20,ykenmho2,77,activism,Contribute,1780995268,8,0,0
ahosr93r,23,lbjc7cyh,77,activism,Contribute,1780995270,8,0,0
ahosr93r,24,iircdrz3,74,activism,ActivismChoice,1780995273,8,0,0
ahosr93r,10,hapbqcq1,75,activism,WaitForActivism,1780995274,8,0,1
ahosr93r,7,2a57mkrx,75,activism,WaitForActivism,1780995274,8,0,1
ahosr93r,21,ju6xezrw,75,activism,WaitForActivism,1780995274,8,0,1
ahosr93r,24,iircdrz3,75,activism,WaitForActivism,1780995274,8,0,1
ahosr93r,28,a3llmru2,73,activism,InstructionsPart2,1780995274,8,0,0
ahosr93r,14,nnn3u3ee,74,activism,ActivismChoice,1780995274,8,0,0
ahosr93r,26,zy9e5vmk,77,activism,Contribute,1780995278,8,0,0
ahosr93r,23,lbjc7cyh,78,activism,WaitForResults,1780995278,8,0,1
ahosr93r,26,zy9e5vmk,78,activism,WaitForResults,1780995278,8,0,1
ahosr93r,1,7m52afu6,78,activism,WaitForResults,1780995278,8,0,1
ahosr93r,20,ykenmho2,78,activism,WaitForResults,1780995278,8,0,1
ahosr93r,28,a3llmru2,74,activism,ActivismChoice,1780995279,8,0,0
ahosr93r,8,8gd3793t,75,activism,WaitForActivism,1780995279,8,0,1
ahosr93r,14,nnn3u3ee,75,activism,WaitForActivism,1780995279,8,0,1
ahosr93r,28,a3llmru2,75,activism,WaitForActivism,1780995279,8,0,1
ahosr93r,25,1yv42yer,75,activism,WaitForActivism,1780995279,8,0,1
ahosr93r,1,7m52afu6,79,activism,RoundResults,1780995280,8,0,0
ahosr93r,26,zy9e5vmk,79,activism,RoundResults,1780995282,8,0,0
ahosr93r,20,ykenmho2,79,activism,RoundResults,1780995283,8,0,0
ahosr93r,1,7m52afu6,84,activism,ActivismChoice,1780995283,9,0,0
ahosr93r,23,lbjc7cyh,79,activism,RoundResults,1780995287,8,0,0
ahosr93r,23,lbjc7cyh,84,activism,ActivismChoice,1780995292,9,0,0
ahosr93r,20,ykenmho2,84,activism,ActivismChoice,1780995292,9,0,0
ahosr93r,17,zu7f4eup,76,activism,EffortTask,1780995297,8,1,0
ahosr93r,11,usmgmves,76,activism,EffortTask,1780995297,8,1,0
ahosr93r,19,9mcj0ohn,76,activism,EffortTask,1780995297,8,1,0
ahosr93r,22,odojvl0k,76,activism,EffortTask,1780995297,8,1,0
ahosr93r,26,zy9e5vmk,84,activism,ActivismChoice,1780995301,9,0,0
ahosr93r,1,7m52afu6,85,activism,WaitForActivism,1780995301,9,0,1
ahosr93r,26,zy9e5vmk,85,activism,WaitForActivism,1780995301,9,0,1
ahosr93r,20,ykenmho2,85,activism,WaitForActivism,1780995301,9,0,1
ahosr93r,23,lbjc7cyh,85,activism,WaitForActivism,1780995301,9,0,1
ahosr93r,22,odojvl0k,77,activism,Contribute,1780995302,8,0,0
ahosr93r,19,9mcj0ohn,77,activism,Contribute,1780995307,8,0,0
ahosr93r,17,zu7f4eup,77,activism,Contribute,1780995307,8,0,0
ahosr93r,11,usmgmves,77,activism,Contribute,1780995307,8,0,0
ahosr93r,11,usmgmves,78,activism,WaitForResults,1780995307,8,0,1
ahosr93r,17,zu7f4eup,78,activism,WaitForResults,1780995307,8,0,1
ahosr93r,19,9mcj0ohn,78,activism,WaitForResults,1780995307,8,0,1
ahosr93r,22,odojvl0k,78,activism,WaitForResults,1780995307,8,0,1
ahosr93r,7,2a57mkrx,76,activism,EffortTask,1780995309,8,1,0
ahosr93r,19,9mcj0ohn,79,activism,RoundResults,1780995309,8,0,0
ahosr93r,19,9mcj0ohn,84,activism,ActivismChoice,1780995311,9,0,0
ahosr93r,11,usmgmves,79,activism,RoundResults,1780995313,8,0,0
ahosr93r,24,iircdrz3,76,activism,EffortTask,1780995314,8,0,0
ahosr93r,17,zu7f4eup,79,activism,RoundResults,1780995314,8,0,0
ahosr93r,11,usmgmves,84,activism,ActivismChoice,1780995316,9,0,0
ahosr93r,21,ju6xezrw,76,activism,EffortTask,1780995319,8,1,0
ahosr93r,10,hapbqcq1,76,activism,EffortTask,1780995319,8,1,0
ahosr93r,22,odojvl0k,79,activism,RoundResults,1780995320,8,0,0
ahosr93r,7,2a57mkrx,77,activism,Contribute,1780995321,8,0,0
ahosr93r,17,zu7f4eup,84,activism,ActivismChoice,1780995322,9,0,0
ahosr93r,28,a3llmru2,76,activism,EffortTask,1780995324,8,1,0
ahosr93r,14,nnn3u3ee,76,activism,EffortTask,1780995324,8,1,0
ahosr93r,8,8gd3793t,76,activism,EffortTask,1780995324,8,1,0
ahosr93r,25,1yv42yer,76,activism,EffortTask,1780995324,8,1,0
ahosr93r,24,iircdrz3,77,activism,Contribute,1780995325,8,0,0
ahosr93r,25,1yv42yer,77,activism,Contribute,1780995327,8,0,0
ahosr93r,21,ju6xezrw,77,activism,Contribute,1780995328,8,0,0
ahosr93r,22,odojvl0k,84,activism,ActivismChoice,1780995329,9,0,0
ahosr93r,11,usmgmves,85,activism,WaitForActivism,1780995329,9,0,1
ahosr93r,22,odojvl0k,85,activism,WaitForActivism,1780995329,9,0,1
ahosr93r,19,9mcj0ohn,85,activism,WaitForActivism,1780995329,9,0,1
ahosr93r,17,zu7f4eup,85,activism,WaitForActivism,1780995329,9,0,1
ahosr93r,8,8gd3793t,77,activism,Contribute,1780995332,8,0,0
ahosr93r,28,a3llmru2,77,activism,Contribute,1780995335,8,0,0
ahosr93r,26,zy9e5vmk,86,activism,EffortTask,1780995336,9,0,0
ahosr93r,14,nnn3u3ee,77,activism,Contribute,1780995336,8,0,0
ahosr93r,8,8gd3793t,78,activism,WaitForResults,1780995336,8,0,1
ahosr93r,14,nnn3u3ee,78,activism,WaitForResults,1780995336,8,0,1
ahosr93r,25,1yv42yer,78,activism,WaitForResults,1780995336,8,0,1
ahosr93r,28,a3llmru2,78,activism,WaitForResults,1780995336,8,0,1
ahosr93r,20,ykenmho2,86,activism,EffortTask,1780995336,9,1,0
ahosr93r,1,7m52afu6,86,activism,EffortTask,1780995336,9,1,0
ahosr93r,23,lbjc7cyh,86,activism,EffortTask,1780995336,9,1,0
ahosr93r,8,8gd3793t,79,activism,RoundResults,1780995338,8,0,0
ahosr93r,25,1yv42yer,79,activism,RoundResults,1780995338,8,0,0
ahosr93r,26,zy9e5vmk,87,activism,Contribute,1780995339,9,0,0
ahosr93r,10,hapbqcq1,77,activism,Contribute,1780995340,8,0,0
ahosr93r,7,2a57mkrx,78,activism,WaitForResults,1780995340,8,0,1
ahosr93r,10,hapbqcq1,78,activism,WaitForResults,1780995340,8,0,1
ahosr93r,24,iircdrz3,78,activism,WaitForResults,1780995340,8,0,1
ahosr93r,21,ju6xezrw,78,activism,WaitForResults,1780995340,8,0,1
ahosr93r,8,8gd3793t,84,activism,ActivismChoice,1780995341,9,0,0
ahosr93r,1,7m52afu6,87,activism,Contribute,1780995341,9,0,0
ahosr93r,14,nnn3u3ee,79,activism,RoundResults,1780995341,8,0,0
ahosr93r,20,ykenmho2,87,activism,Contribute,1780995344,9,0,0
ahosr93r,28,a3llmru2,79,activism,RoundResults,1780995344,8,0,0
ahosr93r,25,1yv42yer,84,activism,ActivismChoice,1780995345,9,0,0
ahosr93r,23,lbjc7cyh,87,activism,Contribute,1780995346,9,0,0
ahosr93r,26,zy9e5vmk,88,activism,WaitForResults,1780995346,9,0,1
ahosr93r,1,7m52afu6,88,activism,WaitForResults,1780995346,9,0,1
ahosr93r,20,ykenmho2,88,activism,WaitForResults,1780995346,9,0,1
ahosr93r,23,lbjc7cyh,88,activism,WaitForResults,1780995346,9,0,1
ahosr93r,21,ju6xezrw,79,activism,RoundResults,1780995348,8,0,0
ahosr93r,10,hapbqcq1,79,activism,RoundResults,1780995348,8,0,0
ahosr93r,26,zy9e5vmk,89,activism,RoundResults,1780995350,9,0,0
ahosr93r,7,2a57mkrx,79,activism,RoundResults,1780995350,8,0,0
ahosr93r,1,7m52afu6,89,activism,RoundResults,1780995351,9,0,0
ahosr93r,14,nnn3u3ee,84,activism,ActivismChoice,1780995351,9,0,0
ahosr93r,20,ykenmho2,89,activism,RoundResults,1780995351,9,0,0
ahosr93r,28,a3llmru2,84,activism,ActivismChoice,1780995351,9,0,0
ahosr93r,8,8gd3793t,85,activism,WaitForActivism,1780995351,9,0,1
ahosr93r,28,a3llmru2,85,activism,WaitForActivism,1780995351,9,0,1
ahosr93r,25,1yv42yer,85,activism,WaitForActivism,1780995351,9,0,1
ahosr93r,14,nnn3u3ee,85,activism,WaitForActivism,1780995351,9,0,1
ahosr93r,26,zy9e5vmk,94,activism,ActivismChoice,1780995352,10,0,0
ahosr93r,1,7m52afu6,94,activism,ActivismChoice,1780995353,10,0,0
ahosr93r,7,2a57mkrx,84,activism,ActivismChoice,1780995353,9,0,0
ahosr93r,10,hapbqcq1,84,activism,ActivismChoice,1780995354,9,0,0
ahosr93r,24,iircdrz3,79,activism,RoundResults,1780995355,8,0,0
ahosr93r,21,ju6xezrw,84,activism,ActivismChoice,1780995356,9,0,0
ahosr93r,24,iircdrz3,84,activism,ActivismChoice,1780995362,9,0,0
ahosr93r,10,hapbqcq1,85,activism,WaitForActivism,1780995362,9,0,1
ahosr93r,7,2a57mkrx,85,activism,WaitForActivism,1780995362,9,0,1
ahosr93r,21,ju6xezrw,85,activism,WaitForActivism,1780995362,9,0,1
ahosr93r,24,iircdrz3,85,activism,WaitForActivism,1780995362,9,0,1
ahosr93r,23,lbjc7cyh,89,activism,RoundResults,1780995363,9,0,0
ahosr93r,20,ykenmho2,94,activism,ActivismChoice,1780995364,10,0,0
ahosr93r,19,9mcj0ohn,86,activism,EffortTask,1780995373,9,0,0
ahosr93r,23,lbjc7cyh,94,activism,ActivismChoice,1780995374,10,0,0
ahosr93r,20,ykenmho2,95,activism,WaitForActivism,1780995374,10,0,1
ahosr93r,23,lbjc7cyh,95,activism,WaitForActivism,1780995374,10,0,1
ahosr93r,1,7m52afu6,95,activism,WaitForActivism,1780995374,10,0,1
ahosr93r,26,zy9e5vmk,95,activism,WaitForActivism,1780995374,10,0,1
ahosr93r,22,odojvl0k,86,activism,EffortTask,1780995375,9,1,0
ahosr93r,17,zu7f4eup,86,activism,EffortTask,1780995375,9,1,0
ahosr93r,11,usmgmves,86,activism,EffortTask,1780995375,9,1,0
ahosr93r,19,9mcj0ohn,87,activism,Contribute,1780995378,9,0,0
ahosr93r,11,usmgmves,87,activism,Contribute,1780995378,9,0,0
ahosr93r,17,zu7f4eup,87,activism,Contribute,1780995380,9,0,0
ahosr93r,22,odojvl0k,87,activism,Contribute,1780995393,9,0,0
ahosr93r,22,odojvl0k,88,activism,WaitForResults,1780995393,9,0,1
ahosr93r,11,usmgmves,88,activism,WaitForResults,1780995393,9,0,1
ahosr93r,17,zu7f4eup,88,activism,WaitForResults,1780995393,9,0,1
ahosr93r,19,9mcj0ohn,88,activism,WaitForResults,1780995393,9,0,1
ahosr93r,22,odojvl0k,89,activism,RoundResults,1780995394,9,0,0
ahosr93r,19,9mcj0ohn,89,activism,RoundResults,1780995395,9,0,0
ahosr93r,11,usmgmves,89,activism,RoundResults,1780995396,9,0,0
ahosr93r,28,a3llmru2,86,activism,EffortTask,1780995396,9,1,0
ahosr93r,14,nnn3u3ee,86,activism,EffortTask,1780995396,9,1,0
ahosr93r,25,1yv42yer,86,activism,EffortTask,1780995396,9,1,0
ahosr93r,8,8gd3793t,86,activism,EffortTask,1780995396,9,1,0
ahosr93r,19,9mcj0ohn,94,activism,ActivismChoice,1780995397,10,0,0
ahosr93r,22,odojvl0k,94,activism,ActivismChoice,1780995397,10,0,0
ahosr93r,10,hapbqcq1,86,activism,EffortTask,1780995398,9,1,0
ahosr93r,25,1yv42yer,87,activism,Contribute,1780995399,9,0,0
ahosr93r,11,usmgmves,94,activism,ActivismChoice,1780995400,10,0,0
ahosr93r,8,8gd3793t,87,activism,Contribute,1780995400,9,0,0
ahosr93r,28,a3llmru2,87,activism,Contribute,1780995401,9,0,0
ahosr93r,14,nnn3u3ee,87,activism,Contribute,1780995403,9,0,0
ahosr93r,28,a3llmru2,88,activism,WaitForResults,1780995404,9,0,1
ahosr93r,8,8gd3793t,88,activism,WaitForResults,1780995404,9,0,1
ahosr93r,14,nnn3u3ee,88,activism,WaitForResults,1780995404,9,0,1
ahosr93r,25,1yv42yer,88,activism,WaitForResults,1780995404,9,0,1
ahosr93r,25,1yv42yer,89,activism,RoundResults,1780995405,9,0,0
ahosr93r,8,8gd3793t,89,activism,RoundResults,1780995406,9,0,0
ahosr93r,24,iircdrz3,86,activism,EffortTask,1780995407,9,1,0
ahosr93r,7,2a57mkrx,86,activism,EffortTask,1780995408,9,1,0
ahosr93r,21,ju6xezrw,86,activism,EffortTask,1780995408,9,1,0
ahosr93r,14,nnn3u3ee,89,activism,RoundResults,1780995408,9,0,0
ahosr93r,8,8gd3793t,94,activism,ActivismChoice,1780995409,10,0,0
ahosr93r,10,hapbqcq1,87,activism,Contribute,1780995409,9,0,0
ahosr93r,25,1yv42yer,94,activism,ActivismChoice,1780995409,10,0,0
ahosr93r,23,lbjc7cyh,96,activism,EffortTask,1780995410,10,1,0
ahosr93r,20,ykenmho2,96,activism,EffortTask,1780995410,10,1,0
ahosr93r,26,zy9e5vmk,96,activism,EffortTask,1780995410,10,1,0
ahosr93r,28,a3llmru2,89,activism,RoundResults,1780995410,9,0,0
ahosr93r,17,zu7f4eup,89,activism,RoundResults,1780995410,9,0,0
ahosr93r,24,iircdrz3,87,activism,Contribute,1780995413,9,0,0
ahosr93r,28,a3llmru2,94,activism,ActivismChoice,1780995413,10,0,0
ahosr93r,23,lbjc7cyh,97,activism,Contribute,1780995414,10,0,0
ahosr93r,26,zy9e5vmk,97,activism,Contribute,1780995414,10,0,0
ahosr93r,1,7m52afu6,96,activism,EffortTask,1780995415,10,1,0
ahosr93r,20,ykenmho2,97,activism,Contribute,1780995415,10,0,0
ahosr93r,21,ju6xezrw,87,activism,Contribute,1780995415,9,0,0
ahosr93r,14,nnn3u3ee,94,activism,ActivismChoice,1780995415,10,0,0
ahosr93r,8,8gd3793t,95,activism,WaitForActivism,1780995415,10,0,1
ahosr93r,14,nnn3u3ee,95,activism,WaitForActivism,1780995415,10,0,1
ahosr93r,28,a3llmru2,95,activism,WaitForActivism,1780995415,10,0,1
ahosr93r,25,1yv42yer,95,activism,WaitForActivism,1780995415,10,0,1
ahosr93r,17,zu7f4eup,94,activism,ActivismChoice,1780995417,10,0,0
ahosr93r,11,usmgmves,95,activism,WaitForActivism,1780995417,10,0,1
ahosr93r,22,odojvl0k,95,activism,WaitForActivism,1780995417,10,0,1
ahosr93r,17,zu7f4eup,95,activism,WaitForActivism,1780995417,10,0,1
ahosr93r,19,9mcj0ohn,95,activism,WaitForActivism,1780995417,10,0,1
ahosr93r,1,7m52afu6,97,activism,Contribute,1780995420,10,0,0
ahosr93r,1,7m52afu6,98,activism,WaitForResults,1780995421,10,0,1
ahosr93r,20,ykenmho2,98,activism,WaitForResults,1780995421,10,0,1
ahosr93r,23,lbjc7cyh,98,activism,WaitForResults,1780995421,10,0,1
ahosr93r,26,zy9e5vmk,98,activism,WaitForResults,1780995421,10,0,1
ahosr93r,7,2a57mkrx,87,activism,Contribute,1780995423,9,0,0
ahosr93r,7,2a57mkrx,88,activism,WaitForResults,1780995423,9,0,1
ahosr93r,10,hapbqcq1,88,activism,WaitForResults,1780995423,9,0,1
ahosr93r,21,ju6xezrw,88,activism,WaitForResults,1780995423,9,0,1
ahosr93r,24,iircdrz3,88,activism,WaitForResults,1780995423,9,0,1
ahosr93r,20,ykenmho2,99,activism,RoundResults,1780995423,10,0,0
ahosr93r,26,zy9e5vmk,99,activism,RoundResults,1780995425,10,0,0
ahosr93r,1,7m52afu6,99,activism,RoundResults,1780995426,10,0,0
ahosr93r,23,lbjc7cyh,99,activism,RoundResults,1780995427,10,0,0
ahosr93r,20,ykenmho2,104,activism,ActivismChoice,1780995427,11,0,0
ahosr93r,24,iircdrz3,89,activism,RoundResults,1780995427,9,0,0
ahosr93r,26,zy9e5vmk,104,activism,ActivismChoice,1780995427,11,0,0
ahosr93r,7,2a57mkrx,89,activism,RoundResults,1780995427,9,0,0
ahosr93r,21,ju6xezrw,89,activism,RoundResults,1780995428,9,0,0
ahosr93r,23,lbjc7cyh,104,activism,ActivismChoice,1780995430,11,0,0
ahosr93r,1,7m52afu6,104,activism,ActivismChoice,1780995430,11,0,0
ahosr93r,1,7m52afu6,105,activism,WaitForActivism,1780995430,11,0,1
ahosr93r,26,zy9e5vmk,105,activism,WaitForActivism,1780995430,11,0,1
ahosr93r,20,ykenmho2,105,activism,WaitForActivism,1780995430,11,0,1
ahosr93r,23,lbjc7cyh,105,activism,WaitForActivism,1780995430,11,0,1
ahosr93r,7,2a57mkrx,94,activism,ActivismChoice,1780995431,10,0,0
ahosr93r,21,ju6xezrw,94,activism,ActivismChoice,1780995433,10,0,0
ahosr93r,10,hapbqcq1,89,activism,RoundResults,1780995435,9,0,0
ahosr93r,10,hapbqcq1,94,activism,ActivismChoice,1780995438,10,0,0
ahosr93r,24,iircdrz3,94,activism,ActivismChoice,1780995444,10,0,0
ahosr93r,10,hapbqcq1,95,activism,WaitForActivism,1780995444,10,0,1
ahosr93r,21,ju6xezrw,95,activism,WaitForActivism,1780995444,10,0,1
ahosr93r,7,2a57mkrx,95,activism,WaitForActivism,1780995444,10,0,1
ahosr93r,24,iircdrz3,95,activism,WaitForActivism,1780995444,10,0,1
ahosr93r,25,1yv42yer,96,activism,EffortTask,1780995455,10,0,0
ahosr93r,25,1yv42yer,97,activism,Contribute,1780995457,10,0,0
ahosr93r,14,nnn3u3ee,96,activism,EffortTask,1780995461,10,1,0
ahosr93r,28,a3llmru2,96,activism,EffortTask,1780995461,10,1,0
ahosr93r,8,8gd3793t,96,activism,EffortTask,1780995461,10,1,0
ahosr93r,17,zu7f4eup,96,activism,EffortTask,1780995463,10,1,0
ahosr93r,19,9mcj0ohn,96,activism,EffortTask,1780995463,10,1,0
ahosr93r,22,odojvl0k,96,activism,EffortTask,1780995463,10,1,0
ahosr93r,11,usmgmves,96,activism,EffortTask,1780995463,10,1,0
ahosr93r,8,8gd3793t,97,activism,Contribute,1780995465,10,0,0
ahosr93r,1,7m52afu6,106,activism,EffortTask,1780995465,11,1,0
ahosr93r,28,a3llmru2,97,activism,Contribute,1780995465,10,0,0
ahosr93r,26,zy9e5vmk,106,activism,EffortTask,1780995465,11,1,0
ahosr93r,23,lbjc7cyh,106,activism,EffortTask,1780995466,11,1,0
ahosr93r,22,odojvl0k,97,activism,Contribute,1780995466,10,0,0
ahosr93r,11,usmgmves,97,activism,Contribute,1780995468,10,0,0
ahosr93r,19,9mcj0ohn,97,activism,Contribute,1780995468,10,0,0
ahosr93r,1,7m52afu6,107,activism,Contribute,1780995468,11,0,0
ahosr93r,17,zu7f4eup,97,activism,Contribute,1780995469,10,0,0
ahosr93r,22,odojvl0k,98,activism,WaitForResults,1780995469,10,0,1
ahosr93r,11,usmgmves,98,activism,WaitForResults,1780995469,10,0,1
ahosr93r,17,zu7f4eup,98,activism,WaitForResults,1780995469,10,0,1
ahosr93r,19,9mcj0ohn,98,activism,WaitForResults,1780995469,10,0,1
ahosr93r,14,nnn3u3ee,97,activism,Contribute,1780995470,10,0,0
ahosr93r,26,zy9e5vmk,107,activism,Contribute,1780995470,11,0,0
ahosr93r,23,lbjc7cyh,107,activism,Contribute,1780995470,11,0,0
ahosr93r,28,a3llmru2,98,activism,WaitForResults,1780995470,10,0,1
ahosr93r,8,8gd3793t,98,activism,WaitForResults,1780995470,10,0,1
ahosr93r,14,nnn3u3ee,98,activism,WaitForResults,1780995470,10,0,1
ahosr93r,25,1yv42yer,98,activism,WaitForResults,1780995470,10,0,1
ahosr93r,20,ykenmho2,106,activism,EffortTask,1780995470,11,1,0
ahosr93r,19,9mcj0ohn,99,activism,RoundResults,1780995471,10,0,0
ahosr93r,11,usmgmves,99,activism,RoundResults,1780995471,10,0,0
ahosr93r,17,zu7f4eup,99,activism,RoundResults,1780995472,10,0,0
ahosr93r,25,1yv42yer,99,activism,RoundResults,1780995472,10,0,0
ahosr93r,8,8gd3793t,99,activism,RoundResults,1780995472,10,0,0
ahosr93r,14,nnn3u3ee,99,activism,RoundResults,1780995472,10,0,0
ahosr93r,25,1yv42yer,104,activism,ActivismChoice,1780995473,11,0,0
ahosr93r,15,kzsxshpe,29,activism,RoundResults,1780995474,3,1,0
ahosr93r,11,usmgmves,104,activism,ActivismChoice,1780995474,11,0,0
ahosr93r,8,8gd3793t,104,activism,ActivismChoice,1780995474,11,0,0
ahosr93r,19,9mcj0ohn,104,activism,ActivismChoice,1780995475,11,0,0
ahosr93r,20,ykenmho2,107,activism,Contribute,1780995477,11,0,0
ahosr93r,26,zy9e5vmk,108,activism,WaitForResults,1780995477,11,0,1
ahosr93r,1,7m52afu6,108,activism,WaitForResults,1780995477,11,0,1
ahosr93r,20,ykenmho2,108,activism,WaitForResults,1780995477,11,0,1
ahosr93r,23,lbjc7cyh,108,activism,WaitForResults,1780995477,11,0,1
ahosr93r,28,a3llmru2,99,activism,RoundResults,1780995478,10,0,0
ahosr93r,1,7m52afu6,109,activism,RoundResults,1780995479,11,0,0
ahosr93r,14,nnn3u3ee,104,activism,ActivismChoice,1780995480,11,0,0
ahosr93r,20,ykenmho2,109,activism,RoundResults,1780995480,11,0,0
ahosr93r,23,lbjc7cyh,109,activism,RoundResults,1780995481,11,0,0
ahosr93r,26,zy9e5vmk,109,activism,RoundResults,1780995482,11,0,0
ahosr93r,17,zu7f4eup,104,activism,ActivismChoice,1780995482,11,0,0
ahosr93r,1,7m52afu6,114,activism,ActivismChoice,1780995482,12,0,0
ahosr93r,24,iircdrz3,96,activism,EffortTask,1780995483,10,0,0
ahosr93r,26,zy9e5vmk,114,activism,ActivismChoice,1780995483,12,0,0
ahosr93r,28,a3llmru2,104,activism,ActivismChoice,1780995483,11,0,0
ahosr93r,8,8gd3793t,105,activism,WaitForActivism,1780995484,11,0,1
ahosr93r,14,nnn3u3ee,105,activism,WaitForActivism,1780995484,11,0,1
ahosr93r,28,a3llmru2,105,activism,WaitForActivism,1780995484,11,0,1
ahosr93r,25,1yv42yer,105,activism,WaitForActivism,1780995484,11,0,1
ahosr93r,23,lbjc7cyh,114,activism,ActivismChoice,1780995486,12,0,0
ahosr93r,22,odojvl0k,99,activism,RoundResults,1780995487,10,0,0
ahosr93r,20,ykenmho2,114,activism,ActivismChoice,1780995487,12,0,0
ahosr93r,1,7m52afu6,115,activism,WaitForActivism,1780995487,12,0,1
ahosr93r,20,ykenmho2,115,activism,WaitForActivism,1780995487,12,0,1
ahosr93r,26,zy9e5vmk,115,activism,WaitForActivism,1780995487,12,0,1
ahosr93r,23,lbjc7cyh,115,activism,WaitForActivism,1780995487,12,0,1
ahosr93r,24,iircdrz3,97,activism,Contribute,1780995488,10,0,0
ahosr93r,21,ju6xezrw,96,activism,EffortTask,1780995489,10,1,0
ahosr93r,10,hapbqcq1,96,activism,EffortTask,1780995489,10,1,0
ahosr93r,7,2a57mkrx,96,activism,EffortTask,1780995489,10,1,0
ahosr93r,22,odojvl0k,104,activism,ActivismChoice,1780995489,11,0,0
ahosr93r,11,usmgmves,105,activism,WaitForActivism,1780995490,11,0,1
ahosr93r,22,odojvl0k,105,activism,WaitForActivism,1780995490,11,0,1
ahosr93r,19,9mcj0ohn,105,activism,WaitForActivism,1780995490,11,0,1
ahosr93r,17,zu7f4eup,105,activism,WaitForActivism,1780995490,11,0,1
ahosr93r,21,ju6xezrw,97,activism,Contribute,1780995495,10,0,0
ahosr93r,10,hapbqcq1,97,activism,Contribute,1780995496,10,0,0
ahosr93r,7,2a57mkrx,97,activism,Contribute,1780995497,10,0,0
ahosr93r,7,2a57mkrx,98,activism,WaitForResults,1780995498,10,0,1
ahosr93r,10,hapbqcq1,98,activism,WaitForResults,1780995498,10,0,1
ahosr93r,21,ju6xezrw,98,activism,WaitForResults,1780995498,10,0,1
ahosr93r,24,iircdrz3,98,activism,WaitForResults,1780995498,10,0,1
ahosr93r,24,iircdrz3,99,activism,RoundResults,1780995502,10,0,0
ahosr93r,7,2a57mkrx,99,activism,RoundResults,1780995503,10,0,0
ahosr93r,24,iircdrz3,104,activism,ActivismChoice,1780995503,11,0,0
ahosr93r,21,ju6xezrw,99,activism,RoundResults,1780995505,10,0,0
ahosr93r,21,ju6xezrw,104,activism,ActivismChoice,1780995507,11,0,0
ahosr93r,7,2a57mkrx,104,activism,ActivismChoice,1780995507,11,0,0
ahosr93r,10,hapbqcq1,99,activism,RoundResults,1780995509,10,0,0
ahosr93r,10,hapbqcq1,104,activism,ActivismChoice,1780995511,11,0,0
ahosr93r,10,hapbqcq1,105,activism,WaitForActivism,1780995511,11,0,1
ahosr93r,7,2a57mkrx,105,activism,WaitForActivism,1780995511,11,0,1
ahosr93r,21,ju6xezrw,105,activism,WaitForActivism,1780995511,11,0,1
ahosr93r,24,iircdrz3,105,activism,WaitForActivism,1780995511,11,0,1
ahosr93r,26,zy9e5vmk,116,activism,EffortTask,1780995522,12,1,0
ahosr93r,23,lbjc7cyh,116,activism,EffortTask,1780995522,12,1,0
ahosr93r,25,1yv42yer,106,activism,EffortTask,1780995525,11,0,0
ahosr93r,23,lbjc7cyh,117,activism,Contribute,1780995526,12,0,0
ahosr93r,26,zy9e5vmk,117,activism,Contribute,1780995526,12,0,0
ahosr93r,15,kzsxshpe,36,activism,EffortTask,1780995526,4,1,0
ahosr93r,20,ykenmho2,116,activism,EffortTask,1780995527,12,1,0
ahosr93r,1,7m52afu6,116,activism,EffortTask,1780995527,12,1,0
ahosr93r,25,1yv42yer,107,activism,Contribute,1780995528,11,0,0
ahosr93r,28,a3llmru2,106,activism,EffortTask,1780995529,11,1,0
ahosr93r,14,nnn3u3ee,106,activism,EffortTask,1780995529,11,1,0
ahosr93r,8,8gd3793t,106,activism,EffortTask,1780995529,11,1,0
ahosr93r,20,ykenmho2,117,activism,Contribute,1780995532,12,0,0
ahosr93r,11,usmgmves,106,activism,EffortTask,1780995533,11,0,0
ahosr93r,19,9mcj0ohn,106,activism,EffortTask,1780995534,11,0,0
ahosr93r,28,a3llmru2,107,activism,Contribute,1780995534,11,0,0
ahosr93r,1,7m52afu6,117,activism,Contribute,1780995534,12,0,0
ahosr93r,1,7m52afu6,118,activism,WaitForResults,1780995534,12,0,1
ahosr93r,20,ykenmho2,118,activism,WaitForResults,1780995534,12,0,1
ahosr93r,23,lbjc7cyh,118,activism,WaitForResults,1780995534,12,0,1
ahosr93r,26,zy9e5vmk,118,activism,WaitForResults,1780995534,12,0,1
ahosr93r,22,odojvl0k,106,activism,EffortTask,1780995535,11,1,0
ahosr93r,17,zu7f4eup,106,activism,EffortTask,1780995535,11,1,0
ahosr93r,26,zy9e5vmk,119,activism,RoundResults,1780995536,12,0,0
ahosr93r,20,ykenmho2,119,activism,RoundResults,1780995537,12,0,0
ahosr93r,11,usmgmves,107,activism,Contribute,1780995537,11,0,0
ahosr93r,23,lbjc7cyh,119,activism,RoundResults,1780995538,12,0,0
ahosr93r,1,7m52afu6,119,activism,RoundResults,1780995538,12,0,0
ahosr93r,17,zu7f4eup,107,activism,Contribute,1780995538,11,0,0
ahosr93r,22,odojvl0k,107,activism,Contribute,1780995538,11,0,0
ahosr93r,14,nnn3u3ee,107,activism,Contribute,1780995538,11,0,0
ahosr93r,20,ykenmho2,124,activism,ActivismChoice,1780995539,13,0,0
ahosr93r,19,9mcj0ohn,107,activism,Contribute,1780995539,11,0,0
ahosr93r,22,odojvl0k,108,activism,WaitForResults,1780995539,11,0,1
ahosr93r,11,usmgmves,108,activism,WaitForResults,1780995539,11,0,1
ahosr93r,17,zu7f4eup,108,activism,WaitForResults,1780995539,11,0,1
ahosr93r,19,9mcj0ohn,108,activism,WaitForResults,1780995539,11,0,1
ahosr93r,26,zy9e5vmk,124,activism,ActivismChoice,1780995539,13,0,0
ahosr93r,8,8gd3793t,107,activism,Contribute,1780995540,11,0,0
ahosr93r,11,usmgmves,109,activism,RoundResults,1780995540,11,0,0
ahosr93r,8,8gd3793t,108,activism,WaitForResults,1780995540,11,0,1
ahosr93r,14,nnn3u3ee,108,activism,WaitForResults,1780995540,11,0,1
ahosr93r,25,1yv42yer,108,activism,WaitForResults,1780995540,11,0,1
ahosr93r,28,a3llmru2,108,activism,WaitForResults,1780995540,11,0,1
ahosr93r,19,9mcj0ohn,109,activism,RoundResults,1780995540,11,0,0
ahosr93r,23,lbjc7cyh,124,activism,ActivismChoice,1780995540,13,0,0
ahosr93r,22,odojvl0k,109,activism,RoundResults,1780995541,11,0,0
ahosr93r,1,7m52afu6,124,activism,ActivismChoice,1780995541,13,0,0
ahosr93r,1,7m52afu6,125,activism,WaitForActivism,1780995541,13,0,1
ahosr93r,26,zy9e5vmk,125,activism,WaitForActivism,1780995541,13,0,1
ahosr93r,20,ykenmho2,125,activism,WaitForActivism,1780995541,13,0,1
ahosr93r,23,lbjc7cyh,125,activism,WaitForActivism,1780995541,13,0,1
ahosr93r,19,9mcj0ohn,114,activism,ActivismChoice,1780995542,12,0,0
ahosr93r,11,usmgmves,114,activism,ActivismChoice,1780995542,12,0,0
ahosr93r,8,8gd3793t,109,activism,RoundResults,1780995542,11,0,0
ahosr93r,17,zu7f4eup,109,activism,RoundResults,1780995543,11,0,0
ahosr93r,14,nnn3u3ee,109,activism,RoundResults,1780995543,11,0,0
ahosr93r,25,1yv42yer,109,activism,RoundResults,1780995543,11,0,0
ahosr93r,22,odojvl0k,114,activism,ActivismChoice,1780995544,12,0,0
ahosr93r,28,a3llmru2,109,activism,RoundResults,1780995546,11,0,0
ahosr93r,8,8gd3793t,114,activism,ActivismChoice,1780995546,12,0,0
ahosr93r,14,nnn3u3ee,114,activism,ActivismChoice,1780995546,12,0,0
ahosr93r,25,1yv42yer,114,activism,ActivismChoice,1780995548,12,0,0
ahosr93r,24,iircdrz3,106,activism,EffortTask,1780995551,11,0,0
ahosr93r,17,zu7f4eup,114,activism,ActivismChoice,1780995552,12,0,0
ahosr93r,11,usmgmves,115,activism,WaitForActivism,1780995553,12,0,1
ahosr93r,22,odojvl0k,115,activism,WaitForActivism,1780995553,12,0,1
ahosr93r,17,zu7f4eup,115,activism,WaitForActivism,1780995553,12,0,1
ahosr93r,19,9mcj0ohn,115,activism,WaitForActivism,1780995553,12,0,1
ahosr93r,28,a3llmru2,114,activism,ActivismChoice,1780995555,12,0,0
ahosr93r,8,8gd3793t,115,activism,WaitForActivism,1780995555,12,0,1
ahosr93r,28,a3llmru2,115,activism,WaitForActivism,1780995555,12,0,1
ahosr93r,25,1yv42yer,115,activism,WaitForActivism,1780995555,12,0,1
ahosr93r,14,nnn3u3ee,115,activism,WaitForActivism,1780995555,12,0,1
ahosr93r,24,iircdrz3,107,activism,Contribute,1780995555,11,0,0
ahosr93r,10,hapbqcq1,106,activism,EffortTask,1780995556,11,1,0
ahosr93r,21,ju6xezrw,106,activism,EffortTask,1780995556,11,1,0
ahosr93r,7,2a57mkrx,106,activism,EffortTask,1780995556,11,1,0
ahosr93r,10,hapbqcq1,107,activism,Contribute,1780995560,11,0,0
ahosr93r,7,2a57mkrx,107,activism,Contribute,1780995562,11,0,0
ahosr93r,21,ju6xezrw,107,activism,Contribute,1780995562,11,0,0
ahosr93r,7,2a57mkrx,108,activism,WaitForResults,1780995562,11,0,1
ahosr93r,10,hapbqcq1,108,activism,WaitForResults,1780995562,11,0,1
ahosr93r,21,ju6xezrw,108,activism,WaitForResults,1780995562,11,0,1
ahosr93r,24,iircdrz3,108,activism,WaitForResults,1780995562,11,0,1
ahosr93r,21,ju6xezrw,109,activism,RoundResults,1780995564,11,0,0
ahosr93r,21,ju6xezrw,114,activism,ActivismChoice,1780995566,12,0,0
ahosr93r,7,2a57mkrx,109,activism,RoundResults,1780995567,11,0,0
ahosr93r,10,hapbqcq1,109,activism,RoundResults,1780995569,11,0,0
ahosr93r,24,iircdrz3,109,activism,RoundResults,1780995569,11,0,0
ahosr93r,7,2a57mkrx,114,activism,ActivismChoice,1780995570,12,0,0
ahosr93r,10,hapbqcq1,114,activism,ActivismChoice,1780995572,12,0,0
ahosr93r,24,iircdrz3,114,activism,ActivismChoice,1780995573,12,0,0
ahosr93r,10,hapbqcq1,115,activism,WaitForActivism,1780995574,12,0,1
ahosr93r,7,2a57mkrx,115,activism,WaitForActivism,1780995574,12,0,1
ahosr93r,21,ju6xezrw,115,activism,WaitForActivism,1780995574,12,0,1
ahosr93r,24,iircdrz3,115,activism,WaitForActivism,1780995574,12,0,1
ahosr93r,1,7m52afu6,126,activism,EffortTask,1780995577,13,1,0
ahosr93r,23,lbjc7cyh,126,activism,EffortTask,1780995577,13,1,0
ahosr93r,1,7m52afu6,127,activism,Contribute,1780995581,13,0,0
ahosr93r,23,lbjc7cyh,127,activism,Contribute,1780995581,13,0,0
ahosr93r,26,zy9e5vmk,126,activism,EffortTask,1780995582,13,1,0
ahosr93r,20,ykenmho2,126,activism,EffortTask,1780995582,13,1,0
ahosr93r,20,ykenmho2,127,activism,Contribute,1780995586,13,0,0
ahosr93r,26,zy9e5vmk,127,activism,Contribute,1780995586,13,0,0
ahosr93r,26,zy9e5vmk,128,activism,WaitForResults,1780995587,13,0,1
ahosr93r,1,7m52afu6,128,activism,WaitForResults,1780995587,13,0,1
ahosr93r,20,ykenmho2,128,activism,WaitForResults,1780995587,13,0,1
ahosr93r,23,lbjc7cyh,128,activism,WaitForResults,1780995587,13,0,1
ahosr93r,26,zy9e5vmk,129,activism,RoundResults,1780995588,13,0,0
ahosr93r,1,7m52afu6,129,activism,RoundResults,1780995589,13,0,0
ahosr93r,26,zy9e5vmk,134,activism,ActivismChoice,1780995590,14,0,0
ahosr93r,20,ykenmho2,129,activism,RoundResults,1780995591,13,0,0
ahosr93r,1,7m52afu6,134,activism,ActivismChoice,1780995593,14,0,0
ahosr93r,20,ykenmho2,134,activism,ActivismChoice,1780995594,14,0,0
ahosr93r,23,lbjc7cyh,129,activism,RoundResults,1780995598,13,0,0
ahosr93r,17,zu7f4eup,116,activism,EffortTask,1780995598,12,1,0
ahosr93r,11,usmgmves,116,activism,EffortTask,1780995598,12,1,0
ahosr93r,19,9mcj0ohn,116,activism,EffortTask,1780995598,12,1,0
ahosr93r,22,odojvl0k,116,activism,EffortTask,1780995598,12,1,0
ahosr93r,28,a3llmru2,116,activism,EffortTask,1780995600,12,1,0
ahosr93r,14,nnn3u3ee,116,activism,EffortTask,1780995600,12,1,0
ahosr93r,25,1yv42yer,116,activism,EffortTask,1780995600,12,1,0
ahosr93r,8,8gd3793t,116,activism,EffortTask,1780995600,12,1,0
ahosr93r,17,zu7f4eup,117,activism,Contribute,1780995601,12,0,0
ahosr93r,22,odojvl0k,117,activism,Contribute,1780995601,12,0,0
ahosr93r,11,usmgmves,117,activism,Contribute,1780995601,12,0,0
ahosr93r,19,9mcj0ohn,117,activism,Contribute,1780995602,12,0,0
ahosr93r,11,usmgmves,118,activism,WaitForResults,1780995602,12,0,1
ahosr93r,17,zu7f4eup,118,activism,WaitForResults,1780995602,12,0,1
ahosr93r,19,9mcj0ohn,118,activism,WaitForResults,1780995602,12,0,1
ahosr93r,22,odojvl0k,118,activism,WaitForResults,1780995602,12,0,1
ahosr93r,23,lbjc7cyh,134,activism,ActivismChoice,1780995602,14,0,0
ahosr93r,26,zy9e5vmk,135,activism,WaitForActivism,1780995602,14,0,1
ahosr93r,20,ykenmho2,135,activism,WaitForActivism,1780995602,14,0,1
ahosr93r,23,lbjc7cyh,135,activism,WaitForActivism,1780995602,14,0,1
ahosr93r,1,7m52afu6,135,activism,WaitForActivism,1780995602,14,0,1
ahosr93r,19,9mcj0ohn,119,activism,RoundResults,1780995603,12,0,0
ahosr93r,11,usmgmves,119,activism,RoundResults,1780995603,12,0,0
ahosr93r,22,odojvl0k,119,activism,RoundResults,1780995604,12,0,0
ahosr93r,17,zu7f4eup,119,activism,RoundResults,1780995605,12,0,0
ahosr93r,8,8gd3793t,117,activism,Contribute,1780995605,12,0,0
ahosr93r,19,9mcj0ohn,124,activism,ActivismChoice,1780995605,13,0,0
ahosr93r,11,usmgmves,124,activism,ActivismChoice,1780995605,13,0,0
ahosr93r,22,odojvl0k,124,activism,ActivismChoice,1780995606,13,0,0
ahosr93r,25,1yv42yer,117,activism,Contribute,1780995607,12,0,0
ahosr93r,28,a3llmru2,117,activism,Contribute,1780995608,12,0,0
ahosr93r,14,nnn3u3ee,117,activism,Contribute,1780995610,12,0,0
ahosr93r,8,8gd3793t,118,activism,WaitForResults,1780995610,12,0,1
ahosr93r,28,a3llmru2,118,activism,WaitForResults,1780995610,12,0,1
ahosr93r,14,nnn3u3ee,118,activism,WaitForResults,1780995610,12,0,1
ahosr93r,25,1yv42yer,118,activism,WaitForResults,1780995610,12,0,1
ahosr93r,17,zu7f4eup,124,activism,ActivismChoice,1780995611,13,0,0
ahosr93r,11,usmgmves,125,activism,WaitForActivism,1780995611,13,0,1
ahosr93r,22,odojvl0k,125,activism,WaitForActivism,1780995611,13,0,1
ahosr93r,17,zu7f4eup,125,activism,WaitForActivism,1780995611,13,0,1
ahosr93r,19,9mcj0ohn,125,activism,WaitForActivism,1780995611,13,0,1
ahosr93r,8,8gd3793t,119,activism,RoundResults,1780995612,12,0,0
ahosr93r,25,1yv42yer,119,activism,RoundResults,1780995614,12,0,0
ahosr93r,14,nnn3u3ee,119,activism,RoundResults,1780995614,12,0,0
ahosr93r,8,8gd3793t,124,activism,ActivismChoice,1780995614,13,0,0
ahosr93r,25,1yv42yer,124,activism,ActivismChoice,1780995615,13,0,0
ahosr93r,28,a3llmru2,119,activism,RoundResults,1780995617,12,0,0
ahosr93r,14,nnn3u3ee,124,activism,ActivismChoice,1780995619,13,0,0
ahosr93r,24,iircdrz3,116,activism,EffortTask,1780995619,12,1,0
ahosr93r,10,hapbqcq1,116,activism,EffortTask,1780995619,12,1,0
ahosr93r,21,ju6xezrw,116,activism,EffortTask,1780995619,12,1,0
ahosr93r,7,2a57mkrx,116,activism,EffortTask,1780995619,12,1,0
ahosr93r,24,iircdrz3,117,activism,Contribute,1780995622,12,0,0
ahosr93r,10,hapbqcq1,117,activism,Contribute,1780995623,12,0,0
ahosr93r,28,a3llmru2,124,activism,ActivismChoice,1780995623,13,0,0
ahosr93r,7,2a57mkrx,117,activism,Contribute,1780995623,12,0,0
ahosr93r,8,8gd3793t,125,activism,WaitForActivism,1780995623,13,0,1
ahosr93r,14,nnn3u3ee,125,activism,WaitForActivism,1780995623,13,0,1
ahosr93r,28,a3llmru2,125,activism,WaitForActivism,1780995623,13,0,1
ahosr93r,25,1yv42yer,125,activism,WaitForActivism,1780995623,13,0,1
ahosr93r,21,ju6xezrw,117,activism,Contribute,1780995624,12,0,0
ahosr93r,7,2a57mkrx,118,activism,WaitForResults,1780995624,12,0,1
ahosr93r,10,hapbqcq1,118,activism,WaitForResults,1780995624,12,0,1
ahosr93r,21,ju6xezrw,118,activism,WaitForResults,1780995624,12,0,1
ahosr93r,24,iircdrz3,118,activism,WaitForResults,1780995624,12,0,1
ahosr93r,7,2a57mkrx,119,activism,RoundResults,1780995628,12,0,0
ahosr93r,10,hapbqcq1,119,activism,RoundResults,1780995629,12,0,0
ahosr93r,24,iircdrz3,119,activism,RoundResults,1780995630,12,0,0
ahosr93r,10,hapbqcq1,124,activism,ActivismChoice,1780995630,13,0,0
ahosr93r,7,2a57mkrx,124,activism,ActivismChoice,1780995631,13,0,0
ahosr93r,24,iircdrz3,124,activism,ActivismChoice,1780995633,13,0,0
ahosr93r,21,ju6xezrw,119,activism,RoundResults,1780995634,12,0,0
ahosr93r,23,lbjc7cyh,136,activism,EffortTask,1780995637,14,1,0
ahosr93r,1,7m52afu6,136,activism,EffortTask,1780995637,14,1,0
ahosr93r,21,ju6xezrw,124,activism,ActivismChoice,1780995640,13,0,0
ahosr93r,10,hapbqcq1,125,activism,WaitForActivism,1780995640,13,0,1
ahosr93r,7,2a57mkrx,125,activism,WaitForActivism,1780995640,13,0,1
ahosr93r,21,ju6xezrw,125,activism,WaitForActivism,1780995640,13,0,1
ahosr93r,24,iircdrz3,125,activism,WaitForActivism,1780995640,13,0,1
ahosr93r,20,ykenmho2,136,activism,EffortTask,1780995642,14,1,0
ahosr93r,26,zy9e5vmk,136,activism,EffortTask,1780995642,14,1,0
ahosr93r,1,7m52afu6,137,activism,Contribute,1780995643,14,0,0
ahosr93r,23,lbjc7cyh,137,activism,Contribute,1780995646,14,0,0
ahosr93r,26,zy9e5vmk,137,activism,Contribute,1780995646,14,0,0
ahosr93r,20,ykenmho2,137,activism,Contribute,1780995646,14,0,0
ahosr93r,26,zy9e5vmk,138,activism,WaitForResults,1780995646,14,0,1
ahosr93r,1,7m52afu6,138,activism,WaitForResults,1780995646,14,0,1
ahosr93r,20,ykenmho2,138,activism,WaitForResults,1780995646,14,0,1
ahosr93r,23,lbjc7cyh,138,activism,WaitForResults,1780995646,14,0,1
ahosr93r,26,zy9e5vmk,139,activism,RoundResults,1780995648,14,0,0
ahosr93r,20,ykenmho2,139,activism,RoundResults,1780995648,14,0,0
ahosr93r,26,zy9e5vmk,140,activism,Conclusion,1780995650,14,0,0
ahosr93r,20,ykenmho2,140,activism,Conclusion,1780995651,14,0,0
ahosr93r,23,lbjc7cyh,139,activism,RoundResults,1780995651,14,0,0
ahosr93r,23,lbjc7cyh,140,activism,Conclusion,1780995653,14,0,0
ahosr93r,17,zu7f4eup,126,activism,EffortTask,1780995657,13,1,0
ahosr93r,11,usmgmves,126,activism,EffortTask,1780995657,13,1,0
ahosr93r,22,odojvl0k,126,activism,EffortTask,1780995657,13,1,0
ahosr93r,19,9mcj0ohn,126,activism,EffortTask,1780995657,13,1,0
ahosr93r,1,7m52afu6,139,activism,RoundResults,1780995659,14,0,0
ahosr93r,17,zu7f4eup,127,activism,Contribute,1780995659,13,0,0
ahosr93r,1,7m52afu6,140,activism,Conclusion,1780995660,14,0,0
ahosr93r,22,odojvl0k,127,activism,Contribute,1780995660,13,0,0
ahosr93r,11,usmgmves,127,activism,Contribute,1780995661,13,0,0
ahosr93r,19,9mcj0ohn,127,activism,Contribute,1780995661,13,0,0
ahosr93r,19,9mcj0ohn,128,activism,WaitForResults,1780995661,13,0,1
ahosr93r,22,odojvl0k,128,activism,WaitForResults,1780995661,13,0,1
ahosr93r,11,usmgmves,128,activism,WaitForResults,1780995661,13,0,1
ahosr93r,17,zu7f4eup,128,activism,WaitForResults,1780995661,13,0,1
ahosr93r,19,9mcj0ohn,129,activism,RoundResults,1780995663,13,0,0
ahosr93r,11,usmgmves,129,activism,RoundResults,1780995663,13,0,0
ahosr93r,22,odojvl0k,129,activism,RoundResults,1780995664,13,0,0
ahosr93r,17,zu7f4eup,129,activism,RoundResults,1780995664,13,0,0
ahosr93r,19,9mcj0ohn,134,activism,ActivismChoice,1780995664,14,0,0
ahosr93r,11,usmgmves,134,activism,ActivismChoice,1780995665,14,0,0
ahosr93r,25,1yv42yer,126,activism,EffortTask,1780995668,13,0,0
ahosr93r,28,a3llmru2,126,activism,EffortTask,1780995668,13,1,0
ahosr93r,14,nnn3u3ee,126,activism,EffortTask,1780995668,13,1,0
ahosr93r,8,8gd3793t,126,activism,EffortTask,1780995668,13,1,0
ahosr93r,17,zu7f4eup,134,activism,ActivismChoice,1780995669,14,0,0
ahosr93r,8,8gd3793t,127,activism,Contribute,1780995672,13,0,0
ahosr93r,28,a3llmru2,127,activism,Contribute,1780995673,13,0,0
ahosr93r,25,1yv42yer,127,activism,Contribute,1780995673,13,0,0
ahosr93r,22,odojvl0k,134,activism,ActivismChoice,1780995677,14,0,0
ahosr93r,11,usmgmves,135,activism,WaitForActivism,1780995677,14,0,1
ahosr93r,22,odojvl0k,135,activism,WaitForActivism,1780995677,14,0,1
ahosr93r,19,9mcj0ohn,135,activism,WaitForActivism,1780995677,14,0,1
ahosr93r,17,zu7f4eup,135,activism,WaitForActivism,1780995677,14,0,1
ahosr93r,14,nnn3u3ee,127,activism,Contribute,1780995680,13,0,0
ahosr93r,8,8gd3793t,128,activism,WaitForResults,1780995680,13,0,1
ahosr93r,14,nnn3u3ee,128,activism,WaitForResults,1780995680,13,0,1
ahosr93r,25,1yv42yer,128,activism,WaitForResults,1780995680,13,0,1
ahosr93r,28,a3llmru2,128,activism,WaitForResults,1780995680,13,0,1
ahosr93r,8,8gd3793t,129,activism,RoundResults,1780995682,13,0,0
ahosr93r,24,iircdrz3,126,activism,EffortTask,1780995683,13,0,0
ahosr93r,14,nnn3u3ee,129,activism,RoundResults,1780995683,13,0,0
ahosr93r,25,1yv42yer,129,activism,RoundResults,1780995683,13,0,0
ahosr93r,28,a3llmru2,129,activism,RoundResults,1780995683,13,0,0
ahosr93r,8,8gd3793t,134,activism,ActivismChoice,1780995684,14,0,0
ahosr93r,21,ju6xezrw,126,activism,EffortTask,1780995685,13,1,0
ahosr93r,25,1yv42yer,134,activism,ActivismChoice,1780995685,14,0,0
ahosr93r,10,hapbqcq1,126,activism,EffortTask,1780995685,13,1,0
ahosr93r,7,2a57mkrx,126,activism,EffortTask,1780995685,13,1,0
ahosr93r,28,a3llmru2,134,activism,ActivismChoice,1780995686,14,0,0
ahosr93r,14,nnn3u3ee,134,activism,ActivismChoice,1780995686,14,0,0
ahosr93r,28,a3llmru2,135,activism,WaitForActivism,1780995686,14,0,1
ahosr93r,25,1yv42yer,135,activism,WaitForActivism,1780995686,14,0,1
ahosr93r,8,8gd3793t,135,activism,WaitForActivism,1780995686,14,0,1
ahosr93r,14,nnn3u3ee,135,activism,WaitForActivism,1780995686,14,0,1
ahosr93r,24,iircdrz3,127,activism,Contribute,1780995687,13,0,0
ahosr93r,10,hapbqcq1,127,activism,Contribute,1780995689,13,0,0
ahosr93r,21,ju6xezrw,127,activism,Contribute,1780995690,13,0,0
ahosr93r,7,2a57mkrx,127,activism,Contribute,1780995690,13,0,0
ahosr93r,7,2a57mkrx,128,activism,WaitForResults,1780995690,13,0,1
ahosr93r,10,hapbqcq1,128,activism,WaitForResults,1780995690,13,0,1
ahosr93r,21,ju6xezrw,128,activism,WaitForResults,1780995690,13,0,1
ahosr93r,24,iircdrz3,128,activism,WaitForResults,1780995690,13,0,1
ahosr93r,10,hapbqcq1,129,activism,RoundResults,1780995691,13,0,0
ahosr93r,10,hapbqcq1,134,activism,ActivismChoice,1780995693,14,0,0
ahosr93r,7,2a57mkrx,129,activism,RoundResults,1780995695,13,0,0
ahosr93r,21,ju6xezrw,129,activism,RoundResults,1780995696,13,0,0
ahosr93r,7,2a57mkrx,134,activism,ActivismChoice,1780995697,14,0,0
ahosr93r,24,iircdrz3,129,activism,RoundResults,1780995698,13,0,0
ahosr93r,21,ju6xezrw,134,activism,ActivismChoice,1780995699,14,0,0
ahosr93r,24,iircdrz3,134,activism,ActivismChoice,1780995700,14,0,0
ahosr93r,10,hapbqcq1,135,activism,WaitForActivism,1780995700,14,0,1
ahosr93r,21,ju6xezrw,135,activism,WaitForActivism,1780995700,14,0,1
ahosr93r,7,2a57mkrx,135,activism,WaitForActivism,1780995700,14,0,1
ahosr93r,24,iircdrz3,135,activism,WaitForActivism,1780995700,14,0,1
ahosr93r,26,zy9e5vmk,141,questionnaire,Questionnaire,1780995702,1,0,0
ahosr93r,26,zy9e5vmk,142,questionnaire,FinalPayoff,1780995708,1,0,0
ahosr93r,22,odojvl0k,136,activism,EffortTask,1780995712,14,1,0
ahosr93r,1,7m52afu6,141,questionnaire,Questionnaire,1780995714,1,0,0
ahosr93r,22,odojvl0k,137,activism,Contribute,1780995721,14,0,0
ahosr93r,19,9mcj0ohn,136,activism,EffortTask,1780995721,14,0,0
ahosr93r,17,zu7f4eup,136,activism,EffortTask,1780995722,14,1,0
ahosr93r,11,usmgmves,136,activism,EffortTask,1780995722,14,1,0
ahosr93r,19,9mcj0ohn,137,activism,Contribute,1780995725,14,0,0
ahosr93r,11,usmgmves,137,activism,Contribute,1780995726,14,0,0
ahosr93r,1,7m52afu6,142,questionnaire,FinalPayoff,1780995727,1,0,0
ahosr93r,25,1yv42yer,136,activism,EffortTask,1780995730,14,0,0
ahosr93r,17,zu7f4eup,137,activism,Contribute,1780995731,14,0,0
ahosr93r,11,usmgmves,138,activism,WaitForResults,1780995731,14,0,1
ahosr93r,17,zu7f4eup,138,activism,WaitForResults,1780995731,14,0,1
ahosr93r,19,9mcj0ohn,138,activism,WaitForResults,1780995731,14,0,1
ahosr93r,22,odojvl0k,138,activism,WaitForResults,1780995731,14,0,1
ahosr93r,14,nnn3u3ee,136,activism,EffortTask,1780995732,14,1,0
ahosr93r,28,a3llmru2,136,activism,EffortTask,1780995732,14,1,0
ahosr93r,8,8gd3793t,136,activism,EffortTask,1780995732,14,1,0
ahosr93r,11,usmgmves,139,activism,RoundResults,1780995732,14,0,0
ahosr93r,25,1yv42yer,137,activism,Contribute,1780995733,14,0,0
ahosr93r,19,9mcj0ohn,139,activism,RoundResults,1780995733,14,0,0
ahosr93r,19,9mcj0ohn,140,activism,Conclusion,1780995735,14,0,0
ahosr93r,11,usmgmves,140,activism,Conclusion,1780995735,14,0,0
ahosr93r,8,8gd3793t,137,activism,Contribute,1780995737,14,0,0
ahosr93r,28,a3llmru2,137,activism,Contribute,1780995737,14,0,0
ahosr93r,22,odojvl0k,139,activism,RoundResults,1780995738,14,0,0
ahosr93r,17,zu7f4eup,139,activism,RoundResults,1780995738,14,0,0
ahosr93r,14,nnn3u3ee,137,activism,Contribute,1780995738,14,0,0
ahosr93r,8,8gd3793t,138,activism,WaitForResults,1780995738,14,0,1
ahosr93r,14,nnn3u3ee,138,activism,WaitForResults,1780995738,14,0,1
ahosr93r,25,1yv42yer,138,activism,WaitForResults,1780995738,14,0,1
ahosr93r,28,a3llmru2,138,activism,WaitForResults,1780995738,14,0,1
ahosr93r,14,nnn3u3ee,139,activism,RoundResults,1780995740,14,0,0
ahosr93r,17,zu7f4eup,140,activism,Conclusion,1780995740,14,0,0
ahosr93r,24,iircdrz3,136,activism,EffortTask,1780995740,14,0,0
ahosr93r,28,a3llmru2,139,activism,RoundResults,1780995741,14,0,0
ahosr93r,25,1yv42yer,139,activism,RoundResults,1780995741,14,0,0
ahosr93r,23,lbjc7cyh,141,questionnaire,Questionnaire,1780995742,1,0,0
ahosr93r,8,8gd3793t,139,activism,RoundResults,1780995742,14,0,0
ahosr93r,22,odojvl0k,140,activism,Conclusion,1780995743,14,0,0
ahosr93r,24,iircdrz3,137,activism,Contribute,1780995743,14,0,0
ahosr93r,20,ykenmho2,141,questionnaire,Questionnaire,1780995744,1,0,0
ahosr93r,28,a3llmru2,140,activism,Conclusion,1780995745,14,0,0
ahosr93r,14,nnn3u3ee,140,activism,Conclusion,1780995745,14,0,0
ahosr93r,21,ju6xezrw,136,activism,EffortTask,1780995745,14,1,0
ahosr93r,7,2a57mkrx,136,activism,EffortTask,1780995745,14,1,0
ahosr93r,10,hapbqcq1,136,activism,EffortTask,1780995745,14,1,0
ahosr93r,25,1yv42yer,140,activism,Conclusion,1780995746,14,0,0
ahosr93r,8,8gd3793t,140,activism,Conclusion,1780995747,14,0,0
ahosr93r,10,hapbqcq1,137,activism,Contribute,1780995748,14,0,0
ahosr93r,23,lbjc7cyh,142,questionnaire,FinalPayoff,1780995748,1,0,0
ahosr93r,7,2a57mkrx,137,activism,Contribute,1780995749,14,0,0
ahosr93r,21,ju6xezrw,137,activism,Contribute,1780995750,14,0,0
ahosr93r,10,hapbqcq1,138,activism,WaitForResults,1780995750,14,0,1
ahosr93r,21,ju6xezrw,138,activism,WaitForResults,1780995750,14,0,1
ahosr93r,24,iircdrz3,138,activism,WaitForResults,1780995750,14,0,1
ahosr93r,7,2a57mkrx,138,activism,WaitForResults,1780995750,14,0,1
ahosr93r,10,hapbqcq1,139,activism,RoundResults,1780995752,14,0,0
ahosr93r,21,ju6xezrw,139,activism,RoundResults,1780995753,14,0,0
ahosr93r,24,iircdrz3,139,activism,RoundResults,1780995754,14,0,0
ahosr93r,10,hapbqcq1,140,activism,Conclusion,1780995756,14,0,0
ahosr93r,7,2a57mkrx,139,activism,RoundResults,1780995756,14,0,0
ahosr93r,24,iircdrz3,140,activism,Conclusion,1780995757,14,0,0
ahosr93r,21,ju6xezrw,140,activism,Conclusion,1780995757,14,0,0
ahosr93r,7,2a57mkrx,140,activism,Conclusion,1780995760,14,0,0
ahosr93r,20,ykenmho2,142,questionnaire,FinalPayoff,1780995764,1,0,0
ahosr93r,25,1yv42yer,141,questionnaire,Questionnaire,1780995803,1,0,0
ahosr93r,8,8gd3793t,141,questionnaire,Questionnaire,1780995809,1,0,0
ahosr93r,19,9mcj0ohn,141,questionnaire,Questionnaire,1780995812,1,0,0
ahosr93r,25,1yv42yer,142,questionnaire,FinalPayoff,1780995815,1,0,0
ahosr93r,19,9mcj0ohn,142,questionnaire,FinalPayoff,1780995819,1,0,0
ahosr93r,21,ju6xezrw,141,questionnaire,Questionnaire,1780995820,1,0,0
ahosr93r,8,8gd3793t,142,questionnaire,FinalPayoff,1780995820,1,0,0
ahosr93r,24,iircdrz3,141,questionnaire,Questionnaire,1780995837,1,0,0
ahosr93r,21,ju6xezrw,142,questionnaire,FinalPayoff,1780995842,1,0,0
ahosr93r,11,usmgmves,141,questionnaire,Questionnaire,1780995844,1,0,0
ahosr93r,17,zu7f4eup,141,questionnaire,Questionnaire,1780995846,1,0,0
ahosr93r,24,iircdrz3,142,questionnaire,FinalPayoff,1780995847,1,0,0
ahosr93r,28,a3llmru2,141,questionnaire,Questionnaire,1780995847,1,0,0
ahosr93r,7,2a57mkrx,141,questionnaire,Questionnaire,1780995854,1,0,0
ahosr93r,11,usmgmves,142,questionnaire,FinalPayoff,1780995856,1,0,0
ahosr93r,28,a3llmru2,142,questionnaire,FinalPayoff,1780995862,1,0,0
ahosr93r,17,zu7f4eup,142,questionnaire,FinalPayoff,1780995869,1,0,0
ahosr93r,10,hapbqcq1,141,questionnaire,Questionnaire,1780995873,1,0,0
ahosr93r,14,nnn3u3ee,141,questionnaire,Questionnaire,1780995874,1,0,0
ahosr93r,7,2a57mkrx,142,questionnaire,FinalPayoff,1780995875,1,0,0
ahosr93r,10,hapbqcq1,142,questionnaire,FinalPayoff,1780995881,1,0,0
ahosr93r,14,nnn3u3ee,142,questionnaire,FinalPayoff,1780995881,1,0,0
ahosr93r,22,odojvl0k,141,questionnaire,Questionnaire,1780995896,1,0,0
ahosr93r,22,odojvl0k,142,questionnaire,FinalPayoff,1780995898,1,0,0
490o2nk6,2,zub63k0q,0,,InitializeParticipant,1780997108,1,0,0
490o2nk6,1,ak8w5zdd,0,,InitializeParticipant,1780997108,1,0,0
490o2nk6,7,e0h3487b,0,,InitializeParticipant,1780997108,1,0,0
490o2nk6,8,saqebx5b,0,,InitializeParticipant,1780997108,1,0,0
490o2nk6,4,xob72kww,0,,InitializeParticipant,1780997108,1,0,0
490o2nk6,6,wavcp8lj,0,,InitializeParticipant,1780997108,1,0,0
490o2nk6,3,sage94b1,0,,InitializeParticipant,1780997108,1,0,0
490o2nk6,5,rikvgot9,0,,InitializeParticipant,1780997108,1,0,0
490o2nk6,1,ak8w5zdd,1,activism,SeatNumber,1780997110,1,0,0
490o2nk6,2,zub63k0q,1,activism,SeatNumber,1780997112,1,0,0
490o2nk6,3,sage94b1,1,activism,SeatNumber,1780997114,1,0,0
490o2nk6,4,xob72kww,1,activism,SeatNumber,1780997115,1,0,0
490o2nk6,5,rikvgot9,1,activism,SeatNumber,1780997118,1,0,0
490o2nk6,6,wavcp8lj,1,activism,SeatNumber,1780997120,1,0,0
490o2nk6,3,sage94b1,2,activism,WaitForSeats,1780997120,1,0,1
490o2nk6,6,wavcp8lj,2,activism,WaitForSeats,1780997120,1,0,1
490o2nk6,1,ak8w5zdd,2,activism,WaitForSeats,1780997120,1,0,1
490o2nk6,2,zub63k0q,2,activism,WaitForSeats,1780997120,1,0,1
490o2nk6,7,e0h3487b,1,activism,SeatNumber,1780997122,1,0,0
490o2nk6,8,saqebx5b,1,activism,SeatNumber,1780997124,1,0,0
490o2nk6,7,e0h3487b,2,activism,WaitForSeats,1780997124,1,0,1
490o2nk6,8,saqebx5b,2,activism,WaitForSeats,1780997124,1,0,1
490o2nk6,4,xob72kww,2,activism,WaitForSeats,1780997124,1,0,1
490o2nk6,5,rikvgot9,2,activism,WaitForSeats,1780997124,1,0,1
490o2nk6,6,wavcp8lj,6,activism,EffortTask,1780997166,1,1,0
490o2nk6,2,zub63k0q,6,activism,EffortTask,1780997166,1,1,0
490o2nk6,1,ak8w5zdd,6,activism,EffortTask,1780997166,1,1,0
490o2nk6,3,sage94b1,6,activism,EffortTask,1780997166,1,1,0
490o2nk6,8,saqebx5b,6,activism,EffortTask,1780997170,1,1,0
490o2nk6,5,rikvgot9,6,activism,EffortTask,1780997170,1,1,0
490o2nk6,7,e0h3487b,6,activism,EffortTask,1780997170,1,1,0
490o2nk6,4,xob72kww,6,activism,EffortTask,1780997170,1,1,0
490o2nk6,1,ak8w5zdd,7,activism,Contribute,1780997542,1,0,0
